"deciles","rate","gap","severity","model","ciudad","trimestre"
"Decil 1",12.3595505617978,0.091140549749371,0.0793132948253347,"CoCA","BOGOTÁ D.C.","2018Q1"
"Decil 2",0,0,0,"CoCA","BOGOTÁ D.C.","2018Q1"
"Decil 3",0,0,0,"CoCA","BOGOTÁ D.C.","2018Q1"
"Decil 4",0,0,0,"CoCA","BOGOTÁ D.C.","2018Q1"
"Decil 5",0,0,0,"CoCA","BOGOTÁ D.C.","2018Q1"
"Decil 6",0,0,0,"CoCA","BOGOTÁ D.C.","2018Q1"
"Decil 7",0,0,0,"CoCA","BOGOTÁ D.C.","2018Q1"
"Decil 8",0,0,0,"CoCA","BOGOTÁ D.C.","2018Q1"
"Decil 9",0,0,0,"CoCA","BOGOTÁ D.C.","2018Q1"
"Decil 10",0,0,0,"CoCA","BOGOTÁ D.C.","2018Q1"
"Decil 1",49.063670411985,0.218929365496314,0.146072221255842,"CoNA","BOGOTÁ D.C.","2018Q1"
"Decil 2",0.374531835205993,1.80533115541515e-05,8.7021189505026e-08,"CoNA","BOGOTÁ D.C.","2018Q1"
"Decil 3",0,0,0,"CoNA","BOGOTÁ D.C.","2018Q1"
"Decil 4",0,0,0,"CoNA","BOGOTÁ D.C.","2018Q1"
"Decil 5",0,0,0,"CoNA","BOGOTÁ D.C.","2018Q1"
"Decil 6",0,0,0,"CoNA","BOGOTÁ D.C.","2018Q1"
"Decil 7",0,0,0,"CoNA","BOGOTÁ D.C.","2018Q1"
"Decil 8",0,0,0,"CoNA","BOGOTÁ D.C.","2018Q1"
"Decil 9",0,0,0,"CoNA","BOGOTÁ D.C.","2018Q1"
"Decil 10",0,0,0,"CoNA","BOGOTÁ D.C.","2018Q1"
"Decil 1",10.431654676259,0.0825387120550462,0.0752407712692787,"CoCA","BOGOTÁ D.C.","2018Q2"
"Decil 2",0,0,0,"CoCA","BOGOTÁ D.C.","2018Q2"
"Decil 3",0,0,0,"CoCA","BOGOTÁ D.C.","2018Q2"
"Decil 4",0,0,0,"CoCA","BOGOTÁ D.C.","2018Q2"
"Decil 5",0,0,0,"CoCA","BOGOTÁ D.C.","2018Q2"
"Decil 6",0,0,0,"CoCA","BOGOTÁ D.C.","2018Q2"
"Decil 7",0,0,0,"CoCA","BOGOTÁ D.C.","2018Q2"
"Decil 8",0,0,0,"CoCA","BOGOTÁ D.C.","2018Q2"
"Decil 9",0,0,0,"CoCA","BOGOTÁ D.C.","2018Q2"
"Decil 10",0,0,0,"CoCA","BOGOTÁ D.C.","2018Q2"
"Decil 1",41.3669064748201,0.184485268405854,0.127471502983808,"CoNA","BOGOTÁ D.C.","2018Q2"
"Decil 2",0,0,0,"CoNA","BOGOTÁ D.C.","2018Q2"
"Decil 3",0,0,0,"CoNA","BOGOTÁ D.C.","2018Q2"
"Decil 4",0,0,0,"CoNA","BOGOTÁ D.C.","2018Q2"
"Decil 5",0,0,0,"CoNA","BOGOTÁ D.C.","2018Q2"
"Decil 6",0,0,0,"CoNA","BOGOTÁ D.C.","2018Q2"
"Decil 7",0,0,0,"CoNA","BOGOTÁ D.C.","2018Q2"
"Decil 8",0,0,0,"CoNA","BOGOTÁ D.C.","2018Q2"
"Decil 9",0,0,0,"CoNA","BOGOTÁ D.C.","2018Q2"
"Decil 10",0,0,0,"CoNA","BOGOTÁ D.C.","2018Q2"
"Decil 1",6.01503759398496,0.0363821454512103,0.0307310216196289,"CoCA","BOGOTÁ D.C.","2018Q3"
"Decil 2",0,0,0,"CoCA","BOGOTÁ D.C.","2018Q3"
"Decil 3",0,0,0,"CoCA","BOGOTÁ D.C.","2018Q3"
"Decil 4",0,0,0,"CoCA","BOGOTÁ D.C.","2018Q3"
"Decil 5",0,0,0,"CoCA","BOGOTÁ D.C.","2018Q3"
"Decil 6",0,0,0,"CoCA","BOGOTÁ D.C.","2018Q3"
"Decil 7",0,0,0,"CoCA","BOGOTÁ D.C.","2018Q3"
"Decil 8",0,0,0,"CoCA","BOGOTÁ D.C.","2018Q3"
"Decil 9",0,0,0,"CoCA","BOGOTÁ D.C.","2018Q3"
"Decil 10",0,0,0,"CoCA","BOGOTÁ D.C.","2018Q3"
"Decil 1",38.3458646616541,0.14075419528147,0.0803057464098896,"CoNA","BOGOTÁ D.C.","2018Q3"
"Decil 2",0,0,0,"CoNA","BOGOTÁ D.C.","2018Q3"
"Decil 3",0,0,0,"CoNA","BOGOTÁ D.C.","2018Q3"
"Decil 4",0,0,0,"CoNA","BOGOTÁ D.C.","2018Q3"
"Decil 5",0,0,0,"CoNA","BOGOTÁ D.C.","2018Q3"
"Decil 6",0,0,0,"CoNA","BOGOTÁ D.C.","2018Q3"
"Decil 7",0,0,0,"CoNA","BOGOTÁ D.C.","2018Q3"
"Decil 8",0,0,0,"CoNA","BOGOTÁ D.C.","2018Q3"
"Decil 9",0,0,0,"CoNA","BOGOTÁ D.C.","2018Q3"
"Decil 10",0,0,0,"CoNA","BOGOTÁ D.C.","2018Q3"
"Decil 1",9.7165991902834,0.0714830479462266,0.0639583750851008,"CoCA","BOGOTÁ D.C.","2018Q4"
"Decil 2",0,0,0,"CoCA","BOGOTÁ D.C.","2018Q4"
"Decil 3",0,0,0,"CoCA","BOGOTÁ D.C.","2018Q4"
"Decil 4",0,0,0,"CoCA","BOGOTÁ D.C.","2018Q4"
"Decil 5",0,0,0,"CoCA","BOGOTÁ D.C.","2018Q4"
"Decil 6",0,0,0,"CoCA","BOGOTÁ D.C.","2018Q4"
"Decil 7",0,0,0,"CoCA","BOGOTÁ D.C.","2018Q4"
"Decil 8",0,0,0,"CoCA","BOGOTÁ D.C.","2018Q4"
"Decil 9",0,0,0,"CoCA","BOGOTÁ D.C.","2018Q4"
"Decil 10",0,0,0,"CoCA","BOGOTÁ D.C.","2018Q4"
"Decil 1",34.412955465587,0.161169894238814,0.11241914746247,"CoNA","BOGOTÁ D.C.","2018Q4"
"Decil 2",0,0,0,"CoNA","BOGOTÁ D.C.","2018Q4"
"Decil 3",0,0,0,"CoNA","BOGOTÁ D.C.","2018Q4"
"Decil 4",0,0,0,"CoNA","BOGOTÁ D.C.","2018Q4"
"Decil 5",0,0,0,"CoNA","BOGOTÁ D.C.","2018Q4"
"Decil 6",0,0,0,"CoNA","BOGOTÁ D.C.","2018Q4"
"Decil 7",0,0,0,"CoNA","BOGOTÁ D.C.","2018Q4"
"Decil 8",0,0,0,"CoNA","BOGOTÁ D.C.","2018Q4"
"Decil 9",0,0,0,"CoNA","BOGOTÁ D.C.","2018Q4"
"Decil 10",0,0,0,"CoNA","BOGOTÁ D.C.","2018Q4"
"Decil 1",13.7931034482759,0.103098251219287,0.0934401021764249,"CoCA","BOGOTÁ D.C.","2019Q1"
"Decil 2",0,0,0,"CoCA","BOGOTÁ D.C.","2019Q1"
"Decil 3",0,0,0,"CoCA","BOGOTÁ D.C.","2019Q1"
"Decil 4",0,0,0,"CoCA","BOGOTÁ D.C.","2019Q1"
"Decil 5",0,0,0,"CoCA","BOGOTÁ D.C.","2019Q1"
"Decil 6",0,0,0,"CoCA","BOGOTÁ D.C.","2019Q1"
"Decil 7",0,0,0,"CoCA","BOGOTÁ D.C.","2019Q1"
"Decil 8",0,0,0,"CoCA","BOGOTÁ D.C.","2019Q1"
"Decil 9",0,0,0,"CoCA","BOGOTÁ D.C.","2019Q1"
"Decil 10",0,0,0,"CoCA","BOGOTÁ D.C.","2019Q1"
"Decil 1",46.360153256705,0.209891485975595,0.149638154391154,"CoNA","BOGOTÁ D.C.","2019Q1"
"Decil 2",0,0,0,"CoNA","BOGOTÁ D.C.","2019Q1"
"Decil 3",0,0,0,"CoNA","BOGOTÁ D.C.","2019Q1"
"Decil 4",0,0,0,"CoNA","BOGOTÁ D.C.","2019Q1"
"Decil 5",0,0,0,"CoNA","BOGOTÁ D.C.","2019Q1"
"Decil 6",0,0,0,"CoNA","BOGOTÁ D.C.","2019Q1"
"Decil 7",0,0,0,"CoNA","BOGOTÁ D.C.","2019Q1"
"Decil 8",0,0,0,"CoNA","BOGOTÁ D.C.","2019Q1"
"Decil 9",0,0,0,"CoNA","BOGOTÁ D.C.","2019Q1"
"Decil 10",0,0,0,"CoNA","BOGOTÁ D.C.","2019Q1"
"Decil 1",9.77443609022556,0.0568702934454634,0.0464338055060114,"CoCA","BOGOTÁ D.C.","2019Q2"
"Decil 2",0,0,0,"CoCA","BOGOTÁ D.C.","2019Q2"
"Decil 3",0,0,0,"CoCA","BOGOTÁ D.C.","2019Q2"
"Decil 4",0,0,0,"CoCA","BOGOTÁ D.C.","2019Q2"
"Decil 5",0,0,0,"CoCA","BOGOTÁ D.C.","2019Q2"
"Decil 6",0,0,0,"CoCA","BOGOTÁ D.C.","2019Q2"
"Decil 7",0,0,0,"CoCA","BOGOTÁ D.C.","2019Q2"
"Decil 8",0,0,0,"CoCA","BOGOTÁ D.C.","2019Q2"
"Decil 9",0,0,0,"CoCA","BOGOTÁ D.C.","2019Q2"
"Decil 10",0,0,0,"CoCA","BOGOTÁ D.C.","2019Q2"
"Decil 1",36.4661654135338,0.165977963697848,0.106849440867161,"CoNA","BOGOTÁ D.C.","2019Q2"
"Decil 2",0,0,0,"CoNA","BOGOTÁ D.C.","2019Q2"
"Decil 3",0,0,0,"CoNA","BOGOTÁ D.C.","2019Q2"
"Decil 4",0,0,0,"CoNA","BOGOTÁ D.C.","2019Q2"
"Decil 5",0,0,0,"CoNA","BOGOTÁ D.C.","2019Q2"
"Decil 6",0,0,0,"CoNA","BOGOTÁ D.C.","2019Q2"
"Decil 7",0,0,0,"CoNA","BOGOTÁ D.C.","2019Q2"
"Decil 8",0,0,0,"CoNA","BOGOTÁ D.C.","2019Q2"
"Decil 9",0,0,0,"CoNA","BOGOTÁ D.C.","2019Q2"
"Decil 10",0,0,0,"CoNA","BOGOTÁ D.C.","2019Q2"
"Decil 1",7.78210116731517,0.0553223299052976,0.0489597794290952,"CoCA","BOGOTÁ D.C.","2019Q3"
"Decil 2",0,0,0,"CoCA","BOGOTÁ D.C.","2019Q3"
"Decil 3",0,0,0,"CoCA","BOGOTÁ D.C.","2019Q3"
"Decil 4",0,0,0,"CoCA","BOGOTÁ D.C.","2019Q3"
"Decil 5",0,0,0,"CoCA","BOGOTÁ D.C.","2019Q3"
"Decil 6",0,0,0,"CoCA","BOGOTÁ D.C.","2019Q3"
"Decil 7",0,0,0,"CoCA","BOGOTÁ D.C.","2019Q3"
"Decil 8",0,0,0,"CoCA","BOGOTÁ D.C.","2019Q3"
"Decil 9",0,0,0,"CoCA","BOGOTÁ D.C.","2019Q3"
"Decil 10",0,0,0,"CoCA","BOGOTÁ D.C.","2019Q3"
"Decil 1",38.1322957198444,0.153307391760833,0.0948206581113242,"CoNA","BOGOTÁ D.C.","2019Q3"
"Decil 2",0,0,0,"CoNA","BOGOTÁ D.C.","2019Q3"
"Decil 3",0,0,0,"CoNA","BOGOTÁ D.C.","2019Q3"
"Decil 4",0,0,0,"CoNA","BOGOTÁ D.C.","2019Q3"
"Decil 5",0,0,0,"CoNA","BOGOTÁ D.C.","2019Q3"
"Decil 6",0,0,0,"CoNA","BOGOTÁ D.C.","2019Q3"
"Decil 7",0,0,0,"CoNA","BOGOTÁ D.C.","2019Q3"
"Decil 8",0,0,0,"CoNA","BOGOTÁ D.C.","2019Q3"
"Decil 9",0,0,0,"CoNA","BOGOTÁ D.C.","2019Q3"
"Decil 10",0,0,0,"CoNA","BOGOTÁ D.C.","2019Q3"
"Decil 1",9.31174089068826,0.0539344950687157,0.0456815787042972,"CoCA","BOGOTÁ D.C.","2019Q4"
"Decil 2",0,0,0,"CoCA","BOGOTÁ D.C.","2019Q4"
"Decil 3",0,0,0,"CoCA","BOGOTÁ D.C.","2019Q4"
"Decil 4",0,0,0,"CoCA","BOGOTÁ D.C.","2019Q4"
"Decil 5",0,0,0,"CoCA","BOGOTÁ D.C.","2019Q4"
"Decil 6",0,0,0,"CoCA","BOGOTÁ D.C.","2019Q4"
"Decil 7",0,0,0,"CoCA","BOGOTÁ D.C.","2019Q4"
"Decil 8",0,0,0,"CoCA","BOGOTÁ D.C.","2019Q4"
"Decil 9",0,0,0,"CoCA","BOGOTÁ D.C.","2019Q4"
"Decil 10",0,0,0,"CoCA","BOGOTÁ D.C.","2019Q4"
"Decil 1",39.2712550607287,0.162303431267057,0.0992002057604772,"CoNA","BOGOTÁ D.C.","2019Q4"
"Decil 2",0,0,0,"CoNA","BOGOTÁ D.C.","2019Q4"
"Decil 3",0,0,0,"CoNA","BOGOTÁ D.C.","2019Q4"
"Decil 4",0,0,0,"CoNA","BOGOTÁ D.C.","2019Q4"
"Decil 5",0,0,0,"CoNA","BOGOTÁ D.C.","2019Q4"
"Decil 6",0,0,0,"CoNA","BOGOTÁ D.C.","2019Q4"
"Decil 7",0,0,0,"CoNA","BOGOTÁ D.C.","2019Q4"
"Decil 8",0,0,0,"CoNA","BOGOTÁ D.C.","2019Q4"
"Decil 9",0,0,0,"CoNA","BOGOTÁ D.C.","2019Q4"
"Decil 10",0,0,0,"CoNA","BOGOTÁ D.C.","2019Q4"
"Decil 1",20.3921568627451,0.153257016279525,0.136456717383638,"CoCA","BOGOTÁ D.C.","2020Q1"
"Decil 2",0,0,0,"CoCA","BOGOTÁ D.C.","2020Q1"
"Decil 3",0,0,0,"CoCA","BOGOTÁ D.C.","2020Q1"
"Decil 4",0,0,0,"CoCA","BOGOTÁ D.C.","2020Q1"
"Decil 5",0,0,0,"CoCA","BOGOTÁ D.C.","2020Q1"
"Decil 6",0,0,0,"CoCA","BOGOTÁ D.C.","2020Q1"
"Decil 7",0,0,0,"CoCA","BOGOTÁ D.C.","2020Q1"
"Decil 8",0,0,0,"CoCA","BOGOTÁ D.C.","2020Q1"
"Decil 9",0,0,0,"CoCA","BOGOTÁ D.C.","2020Q1"
"Decil 10",0,0,0,"CoCA","BOGOTÁ D.C.","2020Q1"
"Decil 1",53.7254901960784,0.278061274001436,0.198980281927524,"CoNA","BOGOTÁ D.C.","2020Q1"
"Decil 2",5.49019607843137,0.00179994517005994,7.09094712887076e-05,"CoNA","BOGOTÁ D.C.","2020Q1"
"Decil 3",0,0,0,"CoNA","BOGOTÁ D.C.","2020Q1"
"Decil 4",0,0,0,"CoNA","BOGOTÁ D.C.","2020Q1"
"Decil 5",0,0,0,"CoNA","BOGOTÁ D.C.","2020Q1"
"Decil 6",0,0,0,"CoNA","BOGOTÁ D.C.","2020Q1"
"Decil 7",0,0,0,"CoNA","BOGOTÁ D.C.","2020Q1"
"Decil 8",0,0,0,"CoNA","BOGOTÁ D.C.","2020Q1"
"Decil 9",0,0,0,"CoNA","BOGOTÁ D.C.","2020Q1"
"Decil 10",0,0,0,"CoNA","BOGOTÁ D.C.","2020Q1"
"Decil 1",57.6666666666667,0.56492611455828,0.554792715920957,"CoCA","BOGOTÁ D.C.","2020Q2"
"Decil 2",41.3333333333333,0.17446881501837,0.0936688762297085,"CoCA","BOGOTÁ D.C.","2020Q2"
"Decil 3",0,0,0,"CoCA","BOGOTÁ D.C.","2020Q2"
"Decil 4",0,0,0,"CoCA","BOGOTÁ D.C.","2020Q2"
"Decil 5",0,0,0,"CoCA","BOGOTÁ D.C.","2020Q2"
"Decil 6",0,0,0,"CoCA","BOGOTÁ D.C.","2020Q2"
"Decil 7",0,0,0,"CoCA","BOGOTÁ D.C.","2020Q2"
"Decil 8",0,0,0,"CoCA","BOGOTÁ D.C.","2020Q2"
"Decil 9",0,0,0,"CoCA","BOGOTÁ D.C.","2020Q2"
"Decil 10",0,0,0,"CoCA","BOGOTÁ D.C.","2020Q2"
"Decil 1",57.6666666666667,0.571470718965389,0.566589553236295,"CoNA","BOGOTÁ D.C.","2020Q2"
"Decil 2",49,0.347330857715983,0.253464636188409,"CoNA","BOGOTÁ D.C.","2020Q2"
"Decil 3",44.8160535117057,0.128085810578522,0.0431391697392817,"CoNA","BOGOTÁ D.C.","2020Q2"
"Decil 4",21.4046822742475,0.00969331268264574,0.000497744468595536,"CoNA","BOGOTÁ D.C.","2020Q2"
"Decil 5",0,0,0,"CoNA","BOGOTÁ D.C.","2020Q2"
"Decil 6",0,0,0,"CoNA","BOGOTÁ D.C.","2020Q2"
"Decil 7",0,0,0,"CoNA","BOGOTÁ D.C.","2020Q2"
"Decil 8",0,0,0,"CoNA","BOGOTÁ D.C.","2020Q2"
"Decil 9",0,0,0,"CoNA","BOGOTÁ D.C.","2020Q2"
"Decil 10",0,0,0,"CoNA","BOGOTÁ D.C.","2020Q2"
"Decil 1",54.7169811320755,0.390249647667776,0.336295593269762,"CoCA","BOGOTÁ D.C.","2020Q3"
"Decil 2",1.89393939393939,0.00048418064998927,1.70339145384197e-05,"CoCA","BOGOTÁ D.C.","2020Q3"
"Decil 3",0,0,0,"CoCA","BOGOTÁ D.C.","2020Q3"
"Decil 4",0,0,0,"CoCA","BOGOTÁ D.C.","2020Q3"
"Decil 5",0,0,0,"CoCA","BOGOTÁ D.C.","2020Q3"
"Decil 6",0,0,0,"CoCA","BOGOTÁ D.C.","2020Q3"
"Decil 7",0,0,0,"CoCA","BOGOTÁ D.C.","2020Q3"
"Decil 8",0,0,0,"CoCA","BOGOTÁ D.C.","2020Q3"
"Decil 9",0,0,0,"CoCA","BOGOTÁ D.C.","2020Q3"
"Decil 10",0,0,0,"CoCA","BOGOTÁ D.C.","2020Q3"
"Decil 1",54.7169811320755,0.480221317612873,0.432014931124014,"CoNA","BOGOTÁ D.C.","2020Q3"
"Decil 2",47.7272727272727,0.148963136603709,0.0555849802325994,"CoNA","BOGOTÁ D.C.","2020Q3"
"Decil 3",23.8636363636364,0.0205487136318639,0.00234137745002108,"CoNA","BOGOTÁ D.C.","2020Q3"
"Decil 4",0,0,0,"CoNA","BOGOTÁ D.C.","2020Q3"
"Decil 5",0,0,0,"CoNA","BOGOTÁ D.C.","2020Q3"
"Decil 6",0,0,0,"CoNA","BOGOTÁ D.C.","2020Q3"
"Decil 7",0,0,0,"CoNA","BOGOTÁ D.C.","2020Q3"
"Decil 8",0,0,0,"CoNA","BOGOTÁ D.C.","2020Q3"
"Decil 9",0,0,0,"CoNA","BOGOTÁ D.C.","2020Q3"
"Decil 10",0,0,0,"CoNA","BOGOTÁ D.C.","2020Q3"
"Decil 1",20.4724409448819,0.133998532721688,0.108889048570529,"CoCA","BOGOTÁ D.C.","2020Q4"
"Decil 2",0,0,0,"CoCA","BOGOTÁ D.C.","2020Q4"
"Decil 3",0,0,0,"CoCA","BOGOTÁ D.C.","2020Q4"
"Decil 4",0,0,0,"CoCA","BOGOTÁ D.C.","2020Q4"
"Decil 5",0,0,0,"CoCA","BOGOTÁ D.C.","2020Q4"
"Decil 6",0,0,0,"CoCA","BOGOTÁ D.C.","2020Q4"
"Decil 7",0,0,0,"CoCA","BOGOTÁ D.C.","2020Q4"
"Decil 8",0,0,0,"CoCA","BOGOTÁ D.C.","2020Q4"
"Decil 9",0,0,0,"CoCA","BOGOTÁ D.C.","2020Q4"
"Decil 10",0,0,0,"CoCA","BOGOTÁ D.C.","2020Q4"
"Decil 1",50,0.298646927697547,0.208914173342284,"CoNA","BOGOTÁ D.C.","2020Q4"
"Decil 2",21.6535433070866,0.0247472651132317,0.00366129592683771,"CoNA","BOGOTÁ D.C.","2020Q4"
"Decil 3",0,0,0,"CoNA","BOGOTÁ D.C.","2020Q4"
"Decil 4",0,0,0,"CoNA","BOGOTÁ D.C.","2020Q4"
"Decil 5",0,0,0,"CoNA","BOGOTÁ D.C.","2020Q4"
"Decil 6",0,0,0,"CoNA","BOGOTÁ D.C.","2020Q4"
"Decil 7",0,0,0,"CoNA","BOGOTÁ D.C.","2020Q4"
"Decil 8",0,0,0,"CoNA","BOGOTÁ D.C.","2020Q4"
"Decil 9",0,0,0,"CoNA","BOGOTÁ D.C.","2020Q4"
"Decil 10",0,0,0,"CoNA","BOGOTÁ D.C.","2020Q4"
"Decil 1",32.5396825396825,0.212700543386096,0.177868939748424,"CoCA","BOGOTÁ D.C.","2021Q1"
"Decil 2",0,0,0,"CoCA","BOGOTÁ D.C.","2021Q1"
"Decil 3",0,0,0,"CoCA","BOGOTÁ D.C.","2021Q1"
"Decil 4",0,0,0,"CoCA","BOGOTÁ D.C.","2021Q1"
"Decil 5",0,0,0,"CoCA","BOGOTÁ D.C.","2021Q1"
"Decil 6",0,0,0,"CoCA","BOGOTÁ D.C.","2021Q1"
"Decil 7",0,0,0,"CoCA","BOGOTÁ D.C.","2021Q1"
"Decil 8",0,0,0,"CoCA","BOGOTÁ D.C.","2021Q1"
"Decil 9",0,0,0,"CoCA","BOGOTÁ D.C.","2021Q1"
"Decil 10",0,0,0,"CoCA","BOGOTÁ D.C.","2021Q1"
"Decil 1",59.5238095238095,0.399628139052764,0.302904691519447,"CoNA","BOGOTÁ D.C.","2021Q1"
"Decil 2",28.1746031746032,0.0438589962901644,0.00870617540389417,"CoNA","BOGOTÁ D.C.","2021Q1"
"Decil 3",0,0,0,"CoNA","BOGOTÁ D.C.","2021Q1"
"Decil 4",0,0,0,"CoNA","BOGOTÁ D.C.","2021Q1"
"Decil 5",0,0,0,"CoNA","BOGOTÁ D.C.","2021Q1"
"Decil 6",0,0,0,"CoNA","BOGOTÁ D.C.","2021Q1"
"Decil 7",0,0,0,"CoNA","BOGOTÁ D.C.","2021Q1"
"Decil 8",0,0,0,"CoNA","BOGOTÁ D.C.","2021Q1"
"Decil 9",0,0,0,"CoNA","BOGOTÁ D.C.","2021Q1"
"Decil 10",0,0,0,"CoNA","BOGOTÁ D.C.","2021Q1"
"Decil 1",28.4584980237154,0.204678575033253,0.177833700199867,"CoCA","BOGOTÁ D.C.","2021Q2"
"Decil 2",0,0,0,"CoCA","BOGOTÁ D.C.","2021Q2"
"Decil 3",0,0,0,"CoCA","BOGOTÁ D.C.","2021Q2"
"Decil 4",0,0,0,"CoCA","BOGOTÁ D.C.","2021Q2"
"Decil 5",0,0,0,"CoCA","BOGOTÁ D.C.","2021Q2"
"Decil 6",0,0,0,"CoCA","BOGOTÁ D.C.","2021Q2"
"Decil 7",0,0,0,"CoCA","BOGOTÁ D.C.","2021Q2"
"Decil 8",0,0,0,"CoCA","BOGOTÁ D.C.","2021Q2"
"Decil 9",0,0,0,"CoCA","BOGOTÁ D.C.","2021Q2"
"Decil 10",0,0,0,"CoCA","BOGOTÁ D.C.","2021Q2"
"Decil 1",54.9407114624506,0.374527722401813,0.288626754699897,"CoNA","BOGOTÁ D.C.","2021Q2"
"Decil 2",31.6205533596838,0.0541731362670729,0.011850469192125,"CoNA","BOGOTÁ D.C.","2021Q2"
"Decil 3",0,0,0,"CoNA","BOGOTÁ D.C.","2021Q2"
"Decil 4",0,0,0,"CoNA","BOGOTÁ D.C.","2021Q2"
"Decil 5",0,0,0,"CoNA","BOGOTÁ D.C.","2021Q2"
"Decil 6",0,0,0,"CoNA","BOGOTÁ D.C.","2021Q2"
"Decil 7",0,0,0,"CoNA","BOGOTÁ D.C.","2021Q2"
"Decil 8",0,0,0,"CoNA","BOGOTÁ D.C.","2021Q2"
"Decil 9",0,0,0,"CoNA","BOGOTÁ D.C.","2021Q2"
"Decil 10",0,0,0,"CoNA","BOGOTÁ D.C.","2021Q2"
"Decil 1",20.7171314741036,0.128847819146793,0.106827082287867,"CoCA","BOGOTÁ D.C.","2021Q3"
"Decil 2",0,0,0,"CoCA","BOGOTÁ D.C.","2021Q3"
"Decil 3",0,0,0,"CoCA","BOGOTÁ D.C.","2021Q3"
"Decil 4",0,0,0,"CoCA","BOGOTÁ D.C.","2021Q3"
"Decil 5",0,0,0,"CoCA","BOGOTÁ D.C.","2021Q3"
"Decil 6",0,0,0,"CoCA","BOGOTÁ D.C.","2021Q3"
"Decil 7",0,0,0,"CoCA","BOGOTÁ D.C.","2021Q3"
"Decil 8",0,0,0,"CoCA","BOGOTÁ D.C.","2021Q3"
"Decil 9",0,0,0,"CoCA","BOGOTÁ D.C.","2021Q3"
"Decil 10",0,0,0,"CoCA","BOGOTÁ D.C.","2021Q3"
"Decil 1",55.7768924302789,0.323353079767322,0.222972841984626,"CoNA","BOGOTÁ D.C.","2021Q3"
"Decil 2",15.5378486055777,0.0147592499141089,0.00216176106725607,"CoNA","BOGOTÁ D.C.","2021Q3"
"Decil 3",0,0,0,"CoNA","BOGOTÁ D.C.","2021Q3"
"Decil 4",0,0,0,"CoNA","BOGOTÁ D.C.","2021Q3"
"Decil 5",0,0,0,"CoNA","BOGOTÁ D.C.","2021Q3"
"Decil 6",0,0,0,"CoNA","BOGOTÁ D.C.","2021Q3"
"Decil 7",0,0,0,"CoNA","BOGOTÁ D.C.","2021Q3"
"Decil 8",0,0,0,"CoNA","BOGOTÁ D.C.","2021Q3"
"Decil 9",0,0,0,"CoNA","BOGOTÁ D.C.","2021Q3"
"Decil 10",0,0,0,"CoNA","BOGOTÁ D.C.","2021Q3"
"Decil 1",20.2643171806167,0.13957761625547,0.115430322519001,"CoCA","BOGOTÁ D.C.","2021Q4"
"Decil 2",0,0,0,"CoCA","BOGOTÁ D.C.","2021Q4"
"Decil 3",0,0,0,"CoCA","BOGOTÁ D.C.","2021Q4"
"Decil 4",0,0,0,"CoCA","BOGOTÁ D.C.","2021Q4"
"Decil 5",0,0,0,"CoCA","BOGOTÁ D.C.","2021Q4"
"Decil 6",0,0,0,"CoCA","BOGOTÁ D.C.","2021Q4"
"Decil 7",0,0,0,"CoCA","BOGOTÁ D.C.","2021Q4"
"Decil 8",0,0,0,"CoCA","BOGOTÁ D.C.","2021Q4"
"Decil 9",0,0,0,"CoCA","BOGOTÁ D.C.","2021Q4"
"Decil 10",0,0,0,"CoCA","BOGOTÁ D.C.","2021Q4"
"Decil 1",56.3876651982379,0.318658878277016,0.227111633424834,"CoNA","BOGOTÁ D.C.","2021Q4"
"Decil 2",11.8942731277533,0.00818713740271351,0.000721039708670722,"CoNA","BOGOTÁ D.C.","2021Q4"
"Decil 3",0,0,0,"CoNA","BOGOTÁ D.C.","2021Q4"
"Decil 4",0,0,0,"CoNA","BOGOTÁ D.C.","2021Q4"
"Decil 5",0,0,0,"CoNA","BOGOTÁ D.C.","2021Q4"
"Decil 6",0,0,0,"CoNA","BOGOTÁ D.C.","2021Q4"
"Decil 7",0,0,0,"CoNA","BOGOTÁ D.C.","2021Q4"
"Decil 8",0,0,0,"CoNA","BOGOTÁ D.C.","2021Q4"
"Decil 9",0,0,0,"CoNA","BOGOTÁ D.C.","2021Q4"
"Decil 10",0,0,0,"CoNA","BOGOTÁ D.C.","2021Q4"
"Decil 1",22.2672064777328,0.151781819387061,0.12458216148399,"CoCA","BOGOTÁ D.C.","2022Q1"
"Decil 2",0,0,0,"CoCA","BOGOTÁ D.C.","2022Q1"
"Decil 3",0,0,0,"CoCA","BOGOTÁ D.C.","2022Q1"
"Decil 4",0,0,0,"CoCA","BOGOTÁ D.C.","2022Q1"
"Decil 5",0,0,0,"CoCA","BOGOTÁ D.C.","2022Q1"
"Decil 6",0,0,0,"CoCA","BOGOTÁ D.C.","2022Q1"
"Decil 7",0,0,0,"CoCA","BOGOTÁ D.C.","2022Q1"
"Decil 8",0,0,0,"CoCA","BOGOTÁ D.C.","2022Q1"
"Decil 9",0,0,0,"CoCA","BOGOTÁ D.C.","2022Q1"
"Decil 10",0,0,0,"CoCA","BOGOTÁ D.C.","2022Q1"
"Decil 1",54.6558704453441,0.346100096755063,0.253563641124923,"CoNA","BOGOTÁ D.C.","2022Q1"
"Decil 2",21.4574898785425,0.0254230523566894,0.00401583994988214,"CoNA","BOGOTÁ D.C.","2022Q1"
"Decil 3",0,0,0,"CoNA","BOGOTÁ D.C.","2022Q1"
"Decil 4",0,0,0,"CoNA","BOGOTÁ D.C.","2022Q1"
"Decil 5",0,0,0,"CoNA","BOGOTÁ D.C.","2022Q1"
"Decil 6",0,0,0,"CoNA","BOGOTÁ D.C.","2022Q1"
"Decil 7",0,0,0,"CoNA","BOGOTÁ D.C.","2022Q1"
"Decil 8",0,0,0,"CoNA","BOGOTÁ D.C.","2022Q1"
"Decil 9",0,0,0,"CoNA","BOGOTÁ D.C.","2022Q1"
"Decil 10",0,0,0,"CoNA","BOGOTÁ D.C.","2022Q1"
"Decil 1",21.3991769547325,0.143997363273953,0.118540300016634,"CoCA","BOGOTÁ D.C.","2022Q2"
"Decil 2",0,0,0,"CoCA","BOGOTÁ D.C.","2022Q2"
"Decil 3",0,0,0,"CoCA","BOGOTÁ D.C.","2022Q2"
"Decil 4",0,0,0,"CoCA","BOGOTÁ D.C.","2022Q2"
"Decil 5",0,0,0,"CoCA","BOGOTÁ D.C.","2022Q2"
"Decil 6",0,0,0,"CoCA","BOGOTÁ D.C.","2022Q2"
"Decil 7",0,0,0,"CoCA","BOGOTÁ D.C.","2022Q2"
"Decil 8",0,0,0,"CoCA","BOGOTÁ D.C.","2022Q2"
"Decil 9",0,0,0,"CoCA","BOGOTÁ D.C.","2022Q2"
"Decil 10",0,0,0,"CoCA","BOGOTÁ D.C.","2022Q2"
"Decil 1",53.0864197530864,0.33363726478786,0.242647270973872,"CoNA","BOGOTÁ D.C.","2022Q2"
"Decil 2",17.6954732510288,0.01651015640029,0.00229588114594916,"CoNA","BOGOTÁ D.C.","2022Q2"
"Decil 3",0,0,0,"CoNA","BOGOTÁ D.C.","2022Q2"
"Decil 4",0,0,0,"CoNA","BOGOTÁ D.C.","2022Q2"
"Decil 5",0,0,0,"CoNA","BOGOTÁ D.C.","2022Q2"
"Decil 6",0,0,0,"CoNA","BOGOTÁ D.C.","2022Q2"
"Decil 7",0,0,0,"CoNA","BOGOTÁ D.C.","2022Q2"
"Decil 8",0,0,0,"CoNA","BOGOTÁ D.C.","2022Q2"
"Decil 9",0,0,0,"CoNA","BOGOTÁ D.C.","2022Q2"
"Decil 10",0,0,0,"CoNA","BOGOTÁ D.C.","2022Q2"
"Decil 1",14.6341463414634,0.0817901674488112,0.0652733285592296,"CoCA","BOGOTÁ D.C.","2022Q3"
"Decil 2",0,0,0,"CoCA","BOGOTÁ D.C.","2022Q3"
"Decil 3",0,0,0,"CoCA","BOGOTÁ D.C.","2022Q3"
"Decil 4",0,0,0,"CoCA","BOGOTÁ D.C.","2022Q3"
"Decil 5",0,0,0,"CoCA","BOGOTÁ D.C.","2022Q3"
"Decil 6",0,0,0,"CoCA","BOGOTÁ D.C.","2022Q3"
"Decil 7",0,0,0,"CoCA","BOGOTÁ D.C.","2022Q3"
"Decil 8",0,0,0,"CoCA","BOGOTÁ D.C.","2022Q3"
"Decil 9",0,0,0,"CoCA","BOGOTÁ D.C.","2022Q3"
"Decil 10",0,0,0,"CoCA","BOGOTÁ D.C.","2022Q3"
"Decil 1",48.780487804878,0.265583292529092,0.173302060627977,"CoNA","BOGOTÁ D.C.","2022Q3"
"Decil 2",27.2357723577236,0.0250135210643139,0.00352475511237877,"CoNA","BOGOTÁ D.C.","2022Q3"
"Decil 3",0,0,0,"CoNA","BOGOTÁ D.C.","2022Q3"
"Decil 4",0,0,0,"CoNA","BOGOTÁ D.C.","2022Q3"
"Decil 5",0,0,0,"CoNA","BOGOTÁ D.C.","2022Q3"
"Decil 6",0,0,0,"CoNA","BOGOTÁ D.C.","2022Q3"
"Decil 7",0,0,0,"CoNA","BOGOTÁ D.C.","2022Q3"
"Decil 8",0,0,0,"CoNA","BOGOTÁ D.C.","2022Q3"
"Decil 9",0,0,0,"CoNA","BOGOTÁ D.C.","2022Q3"
"Decil 10",0,0,0,"CoNA","BOGOTÁ D.C.","2022Q3"
"Decil 1",19.5555555555556,0.117087594608761,0.0938401577849061,"CoCA","BOGOTÁ D.C.","2022Q4"
"Decil 2",0,0,0,"CoCA","BOGOTÁ D.C.","2022Q4"
"Decil 3",0,0,0,"CoCA","BOGOTÁ D.C.","2022Q4"
"Decil 4",0,0,0,"CoCA","BOGOTÁ D.C.","2022Q4"
"Decil 5",0,0,0,"CoCA","BOGOTÁ D.C.","2022Q4"
"Decil 6",0,0,0,"CoCA","BOGOTÁ D.C.","2022Q4"
"Decil 7",0,0,0,"CoCA","BOGOTÁ D.C.","2022Q4"
"Decil 8",0,0,0,"CoCA","BOGOTÁ D.C.","2022Q4"
"Decil 9",0,0,0,"CoCA","BOGOTÁ D.C.","2022Q4"
"Decil 10",0,0,0,"CoCA","BOGOTÁ D.C.","2022Q4"
"Decil 1",53.3333333333333,0.312473928663227,0.213984550446869,"CoNA","BOGOTÁ D.C.","2022Q4"
"Decil 2",34.6666666666667,0.0444089971597123,0.00740724351230603,"CoNA","BOGOTÁ D.C.","2022Q4"
"Decil 3",0,0,0,"CoNA","BOGOTÁ D.C.","2022Q4"
"Decil 4",0,0,0,"CoNA","BOGOTÁ D.C.","2022Q4"
"Decil 5",0,0,0,"CoNA","BOGOTÁ D.C.","2022Q4"
"Decil 6",0,0,0,"CoNA","BOGOTÁ D.C.","2022Q4"
"Decil 7",0,0,0,"CoNA","BOGOTÁ D.C.","2022Q4"
"Decil 8",0,0,0,"CoNA","BOGOTÁ D.C.","2022Q4"
"Decil 9",0,0,0,"CoNA","BOGOTÁ D.C.","2022Q4"
"Decil 10",0,0,0,"CoNA","BOGOTÁ D.C.","2022Q4"
"Decil 1",20.0873362445415,0.124914496274963,0.103665187796317,"CoCA","BOGOTÁ D.C.","2023Q1"
"Decil 2",0,0,0,"CoCA","BOGOTÁ D.C.","2023Q1"
"Decil 3",0,0,0,"CoCA","BOGOTÁ D.C.","2023Q1"
"Decil 4",0,0,0,"CoCA","BOGOTÁ D.C.","2023Q1"
"Decil 5",0,0,0,"CoCA","BOGOTÁ D.C.","2023Q1"
"Decil 6",0,0,0,"CoCA","BOGOTÁ D.C.","2023Q1"
"Decil 7",0,0,0,"CoCA","BOGOTÁ D.C.","2023Q1"
"Decil 8",0,0,0,"CoCA","BOGOTÁ D.C.","2023Q1"
"Decil 9",0,0,0,"CoCA","BOGOTÁ D.C.","2023Q1"
"Decil 10",0,0,0,"CoCA","BOGOTÁ D.C.","2023Q1"
"Decil 1",55.8951965065502,0.339276671029875,0.234978870852567,"CoNA","BOGOTÁ D.C.","2023Q1"
"Decil 2",29.3859649122807,0.0323351011093319,0.00543738158141326,"CoNA","BOGOTÁ D.C.","2023Q1"
"Decil 3",0,0,0,"CoNA","BOGOTÁ D.C.","2023Q1"
"Decil 4",0,0,0,"CoNA","BOGOTÁ D.C.","2023Q1"
"Decil 5",0,0,0,"CoNA","BOGOTÁ D.C.","2023Q1"
"Decil 6",0,0,0,"CoNA","BOGOTÁ D.C.","2023Q1"
"Decil 7",0,0,0,"CoNA","BOGOTÁ D.C.","2023Q1"
"Decil 8",0,0,0,"CoNA","BOGOTÁ D.C.","2023Q1"
"Decil 9",0,0,0,"CoNA","BOGOTÁ D.C.","2023Q1"
"Decil 10",0,0,0,"CoNA","BOGOTÁ D.C.","2023Q1"
"Decil 1",18.9075630252101,0.108199723705928,0.0869818791416077,"CoCA","BOGOTÁ D.C.","2023Q2"
"Decil 2",0,0,0,"CoCA","BOGOTÁ D.C.","2023Q2"
"Decil 3",0,0,0,"CoCA","BOGOTÁ D.C.","2023Q2"
"Decil 4",0,0,0,"CoCA","BOGOTÁ D.C.","2023Q2"
"Decil 5",0,0,0,"CoCA","BOGOTÁ D.C.","2023Q2"
"Decil 6",0,0,0,"CoCA","BOGOTÁ D.C.","2023Q2"
"Decil 7",0,0,0,"CoCA","BOGOTÁ D.C.","2023Q2"
"Decil 8",0,0,0,"CoCA","BOGOTÁ D.C.","2023Q2"
"Decil 9",0,0,0,"CoCA","BOGOTÁ D.C.","2023Q2"
"Decil 10",0,0,0,"CoCA","BOGOTÁ D.C.","2023Q2"
"Decil 1",50,0.282404813743583,0.194048205473159,"CoNA","BOGOTÁ D.C.","2023Q2"
"Decil 2",21.4285714285714,0.0214775121419345,0.00258838268471047,"CoNA","BOGOTÁ D.C.","2023Q2"
"Decil 3",0,0,0,"CoNA","BOGOTÁ D.C.","2023Q2"
"Decil 4",0,0,0,"CoNA","BOGOTÁ D.C.","2023Q2"
"Decil 5",0,0,0,"CoNA","BOGOTÁ D.C.","2023Q2"
"Decil 6",0,0,0,"CoNA","BOGOTÁ D.C.","2023Q2"
"Decil 7",0,0,0,"CoNA","BOGOTÁ D.C.","2023Q2"
"Decil 8",0,0,0,"CoNA","BOGOTÁ D.C.","2023Q2"
"Decil 9",0,0,0,"CoNA","BOGOTÁ D.C.","2023Q2"
"Decil 10",0,0,0,"CoNA","BOGOTÁ D.C.","2023Q2"
"Decil 1",20.2479338842975,0.126084632248874,0.101911831709266,"CoCA","BOGOTÁ D.C.","2023Q3"
"Decil 2",0,0,0,"CoCA","BOGOTÁ D.C.","2023Q3"
"Decil 3",0,0,0,"CoCA","BOGOTÁ D.C.","2023Q3"
"Decil 4",0,0,0,"CoCA","BOGOTÁ D.C.","2023Q3"
"Decil 5",0,0,0,"CoCA","BOGOTÁ D.C.","2023Q3"
"Decil 6",0,0,0,"CoCA","BOGOTÁ D.C.","2023Q3"
"Decil 7",0,0,0,"CoCA","BOGOTÁ D.C.","2023Q3"
"Decil 8",0,0,0,"CoCA","BOGOTÁ D.C.","2023Q3"
"Decil 9",0,0,0,"CoCA","BOGOTÁ D.C.","2023Q3"
"Decil 10",0,0,0,"CoCA","BOGOTÁ D.C.","2023Q3"
"Decil 1",51.2396694214876,0.295793826385399,0.211674415791799,"CoNA","BOGOTÁ D.C.","2023Q3"
"Decil 2",16.5289256198347,0.0118161437766864,0.00124651006942511,"CoNA","BOGOTÁ D.C.","2023Q3"
"Decil 3",0,0,0,"CoNA","BOGOTÁ D.C.","2023Q3"
"Decil 4",0,0,0,"CoNA","BOGOTÁ D.C.","2023Q3"
"Decil 5",0,0,0,"CoNA","BOGOTÁ D.C.","2023Q3"
"Decil 6",0,0,0,"CoNA","BOGOTÁ D.C.","2023Q3"
"Decil 7",0,0,0,"CoNA","BOGOTÁ D.C.","2023Q3"
"Decil 8",0,0,0,"CoNA","BOGOTÁ D.C.","2023Q3"
"Decil 9",0,0,0,"CoNA","BOGOTÁ D.C.","2023Q3"
"Decil 10",0,0,0,"CoNA","BOGOTÁ D.C.","2023Q3"
"Decil 1",21.3333333333333,0.142994178724015,0.119628574494323,"CoCA","BOGOTÁ D.C.","2023Q4"
"Decil 2",0,0,0,"CoCA","BOGOTÁ D.C.","2023Q4"
"Decil 3",0,0,0,"CoCA","BOGOTÁ D.C.","2023Q4"
"Decil 4",0,0,0,"CoCA","BOGOTÁ D.C.","2023Q4"
"Decil 5",0,0,0,"CoCA","BOGOTÁ D.C.","2023Q4"
"Decil 6",0,0,0,"CoCA","BOGOTÁ D.C.","2023Q4"
"Decil 7",0,0,0,"CoCA","BOGOTÁ D.C.","2023Q4"
"Decil 8",0,0,0,"CoCA","BOGOTÁ D.C.","2023Q4"
"Decil 9",0,0,0,"CoCA","BOGOTÁ D.C.","2023Q4"
"Decil 10",0,0,0,"CoCA","BOGOTÁ D.C.","2023Q4"
"Decil 1",54.2222222222222,0.309818884353941,0.223075276011064,"CoNA","BOGOTÁ D.C.","2023Q4"
"Decil 2",14.2222222222222,0.0108801178625723,0.00107162728110055,"CoNA","BOGOTÁ D.C.","2023Q4"
"Decil 3",0,0,0,"CoNA","BOGOTÁ D.C.","2023Q4"
"Decil 4",0,0,0,"CoNA","BOGOTÁ D.C.","2023Q4"
"Decil 5",0,0,0,"CoNA","BOGOTÁ D.C.","2023Q4"
"Decil 6",0,0,0,"CoNA","BOGOTÁ D.C.","2023Q4"
"Decil 7",0,0,0,"CoNA","BOGOTÁ D.C.","2023Q4"
"Decil 8",0,0,0,"CoNA","BOGOTÁ D.C.","2023Q4"
"Decil 9",0,0,0,"CoNA","BOGOTÁ D.C.","2023Q4"
"Decil 10",0,0,0,"CoNA","BOGOTÁ D.C.","2023Q4"
"Decil 1",13.9917695473251,0.0931547693144563,0.0772471656507614,"CoCA","BOGOTÁ D.C.","2024Q1"
"Decil 2",0,0,0,"CoCA","BOGOTÁ D.C.","2024Q1"
"Decil 3",0,0,0,"CoCA","BOGOTÁ D.C.","2024Q1"
"Decil 4",0,0,0,"CoCA","BOGOTÁ D.C.","2024Q1"
"Decil 5",0,0,0,"CoCA","BOGOTÁ D.C.","2024Q1"
"Decil 6",0,0,0,"CoCA","BOGOTÁ D.C.","2024Q1"
"Decil 7",0,0,0,"CoCA","BOGOTÁ D.C.","2024Q1"
"Decil 8",0,0,0,"CoCA","BOGOTÁ D.C.","2024Q1"
"Decil 9",0,0,0,"CoCA","BOGOTÁ D.C.","2024Q1"
"Decil 10",0,0,0,"CoCA","BOGOTÁ D.C.","2024Q1"
"Decil 1",51.0288065843621,0.240134599936102,0.15978940523176,"CoNA","BOGOTÁ D.C.","2024Q1"
"Decil 2",4.11522633744856,0.00115871139567023,4.1833475401813e-05,"CoNA","BOGOTÁ D.C.","2024Q1"
"Decil 3",0,0,0,"CoNA","BOGOTÁ D.C.","2024Q1"
"Decil 4",0,0,0,"CoNA","BOGOTÁ D.C.","2024Q1"
"Decil 5",0,0,0,"CoNA","BOGOTÁ D.C.","2024Q1"
"Decil 6",0,0,0,"CoNA","BOGOTÁ D.C.","2024Q1"
"Decil 7",0,0,0,"CoNA","BOGOTÁ D.C.","2024Q1"
"Decil 8",0,0,0,"CoNA","BOGOTÁ D.C.","2024Q1"
"Decil 9",0,0,0,"CoNA","BOGOTÁ D.C.","2024Q1"
"Decil 10",0,0,0,"CoNA","BOGOTÁ D.C.","2024Q1"
"Decil 1",10.6122448979592,0.0681701422024112,0.0543182098187794,"CoCA","BOGOTÁ D.C.","2024Q2"
"Decil 2",0,0,0,"CoCA","BOGOTÁ D.C.","2024Q2"
"Decil 3",0,0,0,"CoCA","BOGOTÁ D.C.","2024Q2"
"Decil 4",0,0,0,"CoCA","BOGOTÁ D.C.","2024Q2"
"Decil 5",0,0,0,"CoCA","BOGOTÁ D.C.","2024Q2"
"Decil 6",0,0,0,"CoCA","BOGOTÁ D.C.","2024Q2"
"Decil 7",0,0,0,"CoCA","BOGOTÁ D.C.","2024Q2"
"Decil 8",0,0,0,"CoCA","BOGOTÁ D.C.","2024Q2"
"Decil 9",0,0,0,"CoCA","BOGOTÁ D.C.","2024Q2"
"Decil 10",0,0,0,"CoCA","BOGOTÁ D.C.","2024Q2"
"Decil 1",46.530612244898,0.19295224835767,0.123115522543771,"CoNA","BOGOTÁ D.C.","2024Q2"
"Decil 2",0,0,0,"CoNA","BOGOTÁ D.C.","2024Q2"
"Decil 3",0,0,0,"CoNA","BOGOTÁ D.C.","2024Q2"
"Decil 4",0,0,0,"CoNA","BOGOTÁ D.C.","2024Q2"
"Decil 5",0,0,0,"CoNA","BOGOTÁ D.C.","2024Q2"
"Decil 6",0,0,0,"CoNA","BOGOTÁ D.C.","2024Q2"
"Decil 7",0,0,0,"CoNA","BOGOTÁ D.C.","2024Q2"
"Decil 8",0,0,0,"CoNA","BOGOTÁ D.C.","2024Q2"
"Decil 9",0,0,0,"CoNA","BOGOTÁ D.C.","2024Q2"
"Decil 10",0,0,0,"CoNA","BOGOTÁ D.C.","2024Q2"
"Decil 1",17.5298804780877,0.111466309654978,0.0946249293856412,"CoCA","BOGOTÁ D.C.","2024Q3"
"Decil 2",0,0,0,"CoCA","BOGOTÁ D.C.","2024Q3"
"Decil 3",0,0,0,"CoCA","BOGOTÁ D.C.","2024Q3"
"Decil 4",0,0,0,"CoCA","BOGOTÁ D.C.","2024Q3"
"Decil 5",0,0,0,"CoCA","BOGOTÁ D.C.","2024Q3"
"Decil 6",0,0,0,"CoCA","BOGOTÁ D.C.","2024Q3"
"Decil 7",0,0,0,"CoCA","BOGOTÁ D.C.","2024Q3"
"Decil 8",0,0,0,"CoCA","BOGOTÁ D.C.","2024Q3"
"Decil 9",0,0,0,"CoCA","BOGOTÁ D.C.","2024Q3"
"Decil 10",0,0,0,"CoCA","BOGOTÁ D.C.","2024Q3"
"Decil 1",49.003984063745,0.245442526700643,0.175072030249607,"CoNA","BOGOTÁ D.C.","2024Q3"
"Decil 2",0,0,0,"CoNA","BOGOTÁ D.C.","2024Q3"
"Decil 3",0,0,0,"CoNA","BOGOTÁ D.C.","2024Q3"
"Decil 4",0,0,0,"CoNA","BOGOTÁ D.C.","2024Q3"
"Decil 5",0,0,0,"CoNA","BOGOTÁ D.C.","2024Q3"
"Decil 6",0,0,0,"CoNA","BOGOTÁ D.C.","2024Q3"
"Decil 7",0,0,0,"CoNA","BOGOTÁ D.C.","2024Q3"
"Decil 8",0,0,0,"CoNA","BOGOTÁ D.C.","2024Q3"
"Decil 9",0,0,0,"CoNA","BOGOTÁ D.C.","2024Q3"
"Decil 10",0,0,0,"CoNA","BOGOTÁ D.C.","2024Q3"
"Decil 1",9.54356846473029,0.0489083462590932,0.0391146310603234,"CoCA","BOGOTÁ D.C.","2024Q4"
"Decil 2",0,0,0,"CoCA","BOGOTÁ D.C.","2024Q4"
"Decil 3",0,0,0,"CoCA","BOGOTÁ D.C.","2024Q4"
"Decil 4",0,0,0,"CoCA","BOGOTÁ D.C.","2024Q4"
"Decil 5",0,0,0,"CoCA","BOGOTÁ D.C.","2024Q4"
"Decil 6",0,0,0,"CoCA","BOGOTÁ D.C.","2024Q4"
"Decil 7",0,0,0,"CoCA","BOGOTÁ D.C.","2024Q4"
"Decil 8",0,0,0,"CoCA","BOGOTÁ D.C.","2024Q4"
"Decil 9",0,0,0,"CoCA","BOGOTÁ D.C.","2024Q4"
"Decil 10",0,0,0,"CoCA","BOGOTÁ D.C.","2024Q4"
"Decil 1",41.0788381742739,0.162772417557638,0.100595772867148,"CoNA","BOGOTÁ D.C.","2024Q4"
"Decil 2",0,0,0,"CoNA","BOGOTÁ D.C.","2024Q4"
"Decil 3",0,0,0,"CoNA","BOGOTÁ D.C.","2024Q4"
"Decil 4",0,0,0,"CoNA","BOGOTÁ D.C.","2024Q4"
"Decil 5",0,0,0,"CoNA","BOGOTÁ D.C.","2024Q4"
"Decil 6",0,0,0,"CoNA","BOGOTÁ D.C.","2024Q4"
"Decil 7",0,0,0,"CoNA","BOGOTÁ D.C.","2024Q4"
"Decil 8",0,0,0,"CoNA","BOGOTÁ D.C.","2024Q4"
"Decil 9",0,0,0,"CoNA","BOGOTÁ D.C.","2024Q4"
"Decil 10",0,0,0,"CoNA","BOGOTÁ D.C.","2024Q4"
"Decil 1",9.01287553648069,0.0570126754589583,0.0434261914810838,"CoCA","CALI","2018Q1"
"Decil 2",0,0,0,"CoCA","CALI","2018Q1"
"Decil 3",0,0,0,"CoCA","CALI","2018Q1"
"Decil 4",0,0,0,"CoCA","CALI","2018Q1"
"Decil 5",0,0,0,"CoCA","CALI","2018Q1"
"Decil 6",0,0,0,"CoCA","CALI","2018Q1"
"Decil 7",0,0,0,"CoCA","CALI","2018Q1"
"Decil 8",0,0,0,"CoCA","CALI","2018Q1"
"Decil 9",0,0,0,"CoCA","CALI","2018Q1"
"Decil 10",0,0,0,"CoCA","CALI","2018Q1"
"Decil 1",39.4849785407725,0.149208009784398,0.0904165311952799,"CoNA","CALI","2018Q1"
"Decil 2",0,0,0,"CoNA","CALI","2018Q1"
"Decil 3",0,0,0,"CoNA","CALI","2018Q1"
"Decil 4",0,0,0,"CoNA","CALI","2018Q1"
"Decil 5",0,0,0,"CoNA","CALI","2018Q1"
"Decil 6",0,0,0,"CoNA","CALI","2018Q1"
"Decil 7",0,0,0,"CoNA","CALI","2018Q1"
"Decil 8",0,0,0,"CoNA","CALI","2018Q1"
"Decil 9",0,0,0,"CoNA","CALI","2018Q1"
"Decil 10",0,0,0,"CoNA","CALI","2018Q1"
"Decil 1",12.2881355932203,0.0607677754535061,0.0467609298349727,"CoCA","CALI","2018Q2"
"Decil 2",0,0,0,"CoCA","CALI","2018Q2"
"Decil 3",0,0,0,"CoCA","CALI","2018Q2"
"Decil 4",0,0,0,"CoCA","CALI","2018Q2"
"Decil 5",0,0,0,"CoCA","CALI","2018Q2"
"Decil 6",0,0,0,"CoCA","CALI","2018Q2"
"Decil 7",0,0,0,"CoCA","CALI","2018Q2"
"Decil 8",0,0,0,"CoCA","CALI","2018Q2"
"Decil 9",0,0,0,"CoCA","CALI","2018Q2"
"Decil 10",0,0,0,"CoCA","CALI","2018Q2"
"Decil 1",40.2542372881356,0.165436405754259,0.101459660422625,"CoNA","CALI","2018Q2"
"Decil 2",0,0,0,"CoNA","CALI","2018Q2"
"Decil 3",0,0,0,"CoNA","CALI","2018Q2"
"Decil 4",0,0,0,"CoNA","CALI","2018Q2"
"Decil 5",0,0,0,"CoNA","CALI","2018Q2"
"Decil 6",0,0,0,"CoNA","CALI","2018Q2"
"Decil 7",0,0,0,"CoNA","CALI","2018Q2"
"Decil 8",0,0,0,"CoNA","CALI","2018Q2"
"Decil 9",0,0,0,"CoNA","CALI","2018Q2"
"Decil 10",0,0,0,"CoNA","CALI","2018Q2"
"Decil 1",18.0327868852459,0.0906676118096828,0.0702680790804902,"CoCA","CALI","2018Q3"
"Decil 2",0,0,0,"CoCA","CALI","2018Q3"
"Decil 3",0,0,0,"CoCA","CALI","2018Q3"
"Decil 4",0,0,0,"CoCA","CALI","2018Q3"
"Decil 5",0,0,0,"CoCA","CALI","2018Q3"
"Decil 6",0,0,0,"CoCA","CALI","2018Q3"
"Decil 7",0,0,0,"CoCA","CALI","2018Q3"
"Decil 8",0,0,0,"CoCA","CALI","2018Q3"
"Decil 9",0,0,0,"CoCA","CALI","2018Q3"
"Decil 10",0,0,0,"CoCA","CALI","2018Q3"
"Decil 1",56.1475409836066,0.235440925470832,0.149188317111554,"CoNA","CALI","2018Q3"
"Decil 2",1.22950819672131,0.00016389297733788,2.28028764974555e-06,"CoNA","CALI","2018Q3"
"Decil 3",0,0,0,"CoNA","CALI","2018Q3"
"Decil 4",0,0,0,"CoNA","CALI","2018Q3"
"Decil 5",0,0,0,"CoNA","CALI","2018Q3"
"Decil 6",0,0,0,"CoNA","CALI","2018Q3"
"Decil 7",0,0,0,"CoNA","CALI","2018Q3"
"Decil 8",0,0,0,"CoNA","CALI","2018Q3"
"Decil 9",0,0,0,"CoNA","CALI","2018Q3"
"Decil 10",0,0,0,"CoNA","CALI","2018Q3"
"Decil 1",14.7186147186147,0.108156257890173,0.0924245491186305,"CoCA","CALI","2018Q4"
"Decil 2",0,0,0,"CoCA","CALI","2018Q4"
"Decil 3",0,0,0,"CoCA","CALI","2018Q4"
"Decil 4",0,0,0,"CoCA","CALI","2018Q4"
"Decil 5",0,0,0,"CoCA","CALI","2018Q4"
"Decil 6",0,0,0,"CoCA","CALI","2018Q4"
"Decil 7",0,0,0,"CoCA","CALI","2018Q4"
"Decil 8",0,0,0,"CoCA","CALI","2018Q4"
"Decil 9",0,0,0,"CoCA","CALI","2018Q4"
"Decil 10",0,0,0,"CoCA","CALI","2018Q4"
"Decil 1",43.2900432900433,0.194386605439135,0.141322351094856,"CoNA","CALI","2018Q4"
"Decil 2",0,0,0,"CoNA","CALI","2018Q4"
"Decil 3",0,0,0,"CoNA","CALI","2018Q4"
"Decil 4",0,0,0,"CoNA","CALI","2018Q4"
"Decil 5",0,0,0,"CoNA","CALI","2018Q4"
"Decil 6",0,0,0,"CoNA","CALI","2018Q4"
"Decil 7",0,0,0,"CoNA","CALI","2018Q4"
"Decil 8",0,0,0,"CoNA","CALI","2018Q4"
"Decil 9",0,0,0,"CoNA","CALI","2018Q4"
"Decil 10",0,0,0,"CoNA","CALI","2018Q4"
"Decil 1",18.595041322314,0.0949474915653752,0.0695410415404817,"CoCA","CALI","2019Q1"
"Decil 2",0,0,0,"CoCA","CALI","2019Q1"
"Decil 3",0,0,0,"CoCA","CALI","2019Q1"
"Decil 4",0,0,0,"CoCA","CALI","2019Q1"
"Decil 5",0,0,0,"CoCA","CALI","2019Q1"
"Decil 6",0,0,0,"CoCA","CALI","2019Q1"
"Decil 7",0,0,0,"CoCA","CALI","2019Q1"
"Decil 8",0,0,0,"CoCA","CALI","2019Q1"
"Decil 9",0,0,0,"CoCA","CALI","2019Q1"
"Decil 10",0,0,0,"CoCA","CALI","2019Q1"
"Decil 1",54.9586776859504,0.239493914687871,0.150193522012718,"CoNA","CALI","2019Q1"
"Decil 2",0.826446280991736,3.47099617157138e-05,1.90906808342579e-07,"CoNA","CALI","2019Q1"
"Decil 3",0,0,0,"CoNA","CALI","2019Q1"
"Decil 4",0,0,0,"CoNA","CALI","2019Q1"
"Decil 5",0,0,0,"CoNA","CALI","2019Q1"
"Decil 6",0,0,0,"CoNA","CALI","2019Q1"
"Decil 7",0,0,0,"CoNA","CALI","2019Q1"
"Decil 8",0,0,0,"CoNA","CALI","2019Q1"
"Decil 9",0,0,0,"CoNA","CALI","2019Q1"
"Decil 10",0,0,0,"CoNA","CALI","2019Q1"
"Decil 1",14.1666666666667,0.0688510853045981,0.0478770274200741,"CoCA","CALI","2019Q2"
"Decil 2",0,0,0,"CoCA","CALI","2019Q2"
"Decil 3",0,0,0,"CoCA","CALI","2019Q2"
"Decil 4",0,0,0,"CoCA","CALI","2019Q2"
"Decil 5",0,0,0,"CoCA","CALI","2019Q2"
"Decil 6",0,0,0,"CoCA","CALI","2019Q2"
"Decil 7",0,0,0,"CoCA","CALI","2019Q2"
"Decil 8",0,0,0,"CoCA","CALI","2019Q2"
"Decil 9",0,0,0,"CoCA","CALI","2019Q2"
"Decil 10",0,0,0,"CoCA","CALI","2019Q2"
"Decil 1",45.4166666666667,0.183717024737209,0.11098727741378,"CoNA","CALI","2019Q2"
"Decil 2",0,0,0,"CoNA","CALI","2019Q2"
"Decil 3",0,0,0,"CoNA","CALI","2019Q2"
"Decil 4",0,0,0,"CoNA","CALI","2019Q2"
"Decil 5",0,0,0,"CoNA","CALI","2019Q2"
"Decil 6",0,0,0,"CoNA","CALI","2019Q2"
"Decil 7",0,0,0,"CoNA","CALI","2019Q2"
"Decil 8",0,0,0,"CoNA","CALI","2019Q2"
"Decil 9",0,0,0,"CoNA","CALI","2019Q2"
"Decil 10",0,0,0,"CoNA","CALI","2019Q2"
"Decil 1",12.3456790123457,0.0812647229101295,0.0679503411170717,"CoCA","CALI","2019Q3"
"Decil 2",0,0,0,"CoCA","CALI","2019Q3"
"Decil 3",0,0,0,"CoCA","CALI","2019Q3"
"Decil 4",0,0,0,"CoCA","CALI","2019Q3"
"Decil 5",0,0,0,"CoCA","CALI","2019Q3"
"Decil 6",0,0,0,"CoCA","CALI","2019Q3"
"Decil 7",0,0,0,"CoCA","CALI","2019Q3"
"Decil 8",0,0,0,"CoCA","CALI","2019Q3"
"Decil 9",0,0,0,"CoCA","CALI","2019Q3"
"Decil 10",0,0,0,"CoCA","CALI","2019Q3"
"Decil 1",41.1522633744856,0.161448055249465,0.106061457299723,"CoNA","CALI","2019Q3"
"Decil 2",0,0,0,"CoNA","CALI","2019Q3"
"Decil 3",0,0,0,"CoNA","CALI","2019Q3"
"Decil 4",0,0,0,"CoNA","CALI","2019Q3"
"Decil 5",0,0,0,"CoNA","CALI","2019Q3"
"Decil 6",0,0,0,"CoNA","CALI","2019Q3"
"Decil 7",0,0,0,"CoNA","CALI","2019Q3"
"Decil 8",0,0,0,"CoNA","CALI","2019Q3"
"Decil 9",0,0,0,"CoNA","CALI","2019Q3"
"Decil 10",0,0,0,"CoNA","CALI","2019Q3"
"Decil 1",19.9152542372881,0.112990615191327,0.0845859715488772,"CoCA","CALI","2019Q4"
"Decil 2",0,0,0,"CoCA","CALI","2019Q4"
"Decil 3",0,0,0,"CoCA","CALI","2019Q4"
"Decil 4",0,0,0,"CoCA","CALI","2019Q4"
"Decil 5",0,0,0,"CoCA","CALI","2019Q4"
"Decil 6",0,0,0,"CoCA","CALI","2019Q4"
"Decil 7",0,0,0,"CoCA","CALI","2019Q4"
"Decil 8",0,0,0,"CoCA","CALI","2019Q4"
"Decil 9",0,0,0,"CoCA","CALI","2019Q4"
"Decil 10",0,0,0,"CoCA","CALI","2019Q4"
"Decil 1",52.1186440677966,0.232153479988051,0.15494822098751,"CoNA","CALI","2019Q4"
"Decil 2",0,0,0,"CoNA","CALI","2019Q4"
"Decil 3",0,0,0,"CoNA","CALI","2019Q4"
"Decil 4",0,0,0,"CoNA","CALI","2019Q4"
"Decil 5",0,0,0,"CoNA","CALI","2019Q4"
"Decil 6",0,0,0,"CoNA","CALI","2019Q4"
"Decil 7",0,0,0,"CoNA","CALI","2019Q4"
"Decil 8",0,0,0,"CoNA","CALI","2019Q4"
"Decil 9",0,0,0,"CoNA","CALI","2019Q4"
"Decil 10",0,0,0,"CoNA","CALI","2019Q4"
"Decil 1",28.5714285714286,0.197898005171186,0.165741865013993,"CoCA","CALI","2020Q1"
"Decil 2",0,0,0,"CoCA","CALI","2020Q1"
"Decil 3",0,0,0,"CoCA","CALI","2020Q1"
"Decil 4",0,0,0,"CoCA","CALI","2020Q1"
"Decil 5",0,0,0,"CoCA","CALI","2020Q1"
"Decil 6",0,0,0,"CoCA","CALI","2020Q1"
"Decil 7",0,0,0,"CoCA","CALI","2020Q1"
"Decil 8",0,0,0,"CoCA","CALI","2020Q1"
"Decil 9",0,0,0,"CoCA","CALI","2020Q1"
"Decil 10",0,0,0,"CoCA","CALI","2020Q1"
"Decil 1",54.8387096774194,0.334660806299504,0.250201424481356,"CoNA","CALI","2020Q1"
"Decil 2",6.91244239631336,0.00460726111511326,0.000384831985871003,"CoNA","CALI","2020Q1"
"Decil 3",0,0,0,"CoNA","CALI","2020Q1"
"Decil 4",0,0,0,"CoNA","CALI","2020Q1"
"Decil 5",0,0,0,"CoNA","CALI","2020Q1"
"Decil 6",0,0,0,"CoNA","CALI","2020Q1"
"Decil 7",0,0,0,"CoNA","CALI","2020Q1"
"Decil 8",0,0,0,"CoNA","CALI","2020Q1"
"Decil 9",0,0,0,"CoNA","CALI","2020Q1"
"Decil 10",0,0,0,"CoNA","CALI","2020Q1"
"Decil 1",50.8403361344538,0.498381707027308,0.489937821456801,"CoCA","CALI","2020Q2"
"Decil 2",48.3193277310924,0.21524168010811,0.121148032757496,"CoCA","CALI","2020Q2"
"Decil 3",6.32911392405063,0.00247890287618914,0.000140820630616182,"CoCA","CALI","2020Q2"
"Decil 4",0,0,0,"CoCA","CALI","2020Q2"
"Decil 5",0,0,0,"CoCA","CALI","2020Q2"
"Decil 6",0,0,0,"CoCA","CALI","2020Q2"
"Decil 7",0,0,0,"CoCA","CALI","2020Q2"
"Decil 8",0,0,0,"CoCA","CALI","2020Q2"
"Decil 9",0,0,0,"CoCA","CALI","2020Q2"
"Decil 10",0,0,0,"CoCA","CALI","2020Q2"
"Decil 1",50.8403361344538,0.503849042430276,0.499620568762482,"CoNA","CALI","2020Q2"
"Decil 2",48.3193277310924,0.361423259246197,0.275558874778129,"CoNA","CALI","2020Q2"
"Decil 3",54.8523206751055,0.228392847637083,0.100964163941714,"CoNA","CALI","2020Q2"
"Decil 4",31.2236286919831,0.0325546043580277,0.00521085629006935,"CoNA","CALI","2020Q2"
"Decil 5",0,0,0,"CoNA","CALI","2020Q2"
"Decil 6",0,0,0,"CoNA","CALI","2020Q2"
"Decil 7",0,0,0,"CoNA","CALI","2020Q2"
"Decil 8",0,0,0,"CoNA","CALI","2020Q2"
"Decil 9",0,0,0,"CoNA","CALI","2020Q2"
"Decil 10",0,0,0,"CoNA","CALI","2020Q2"
"Decil 1",44.8430493273543,0.244013807042783,0.182707511359045,"CoCA","CALI","2020Q3"
"Decil 2",0,0,0,"CoCA","CALI","2020Q3"
"Decil 3",0,0,0,"CoCA","CALI","2020Q3"
"Decil 4",0,0,0,"CoCA","CALI","2020Q3"
"Decil 5",0,0,0,"CoCA","CALI","2020Q3"
"Decil 6",0,0,0,"CoCA","CALI","2020Q3"
"Decil 7",0,0,0,"CoCA","CALI","2020Q3"
"Decil 8",0,0,0,"CoCA","CALI","2020Q3"
"Decil 9",0,0,0,"CoCA","CALI","2020Q3"
"Decil 10",0,0,0,"CoCA","CALI","2020Q3"
"Decil 1",51.1210762331839,0.389001244599868,0.310353992861887,"CoNA","CALI","2020Q3"
"Decil 2",47.085201793722,0.133356360729054,0.0446851961271564,"CoNA","CALI","2020Q3"
"Decil 3",21.9730941704036,0.0149228305419318,0.00143833577907076,"CoNA","CALI","2020Q3"
"Decil 4",0,0,0,"CoNA","CALI","2020Q3"
"Decil 5",0,0,0,"CoNA","CALI","2020Q3"
"Decil 6",0,0,0,"CoNA","CALI","2020Q3"
"Decil 7",0,0,0,"CoNA","CALI","2020Q3"
"Decil 8",0,0,0,"CoNA","CALI","2020Q3"
"Decil 9",0,0,0,"CoNA","CALI","2020Q3"
"Decil 10",0,0,0,"CoNA","CALI","2020Q3"
"Decil 1",24.1666666666667,0.113407722670514,0.0817352102258844,"CoCA","CALI","2020Q4"
"Decil 2",0,0,0,"CoCA","CALI","2020Q4"
"Decil 3",0,0,0,"CoCA","CALI","2020Q4"
"Decil 4",0,0,0,"CoCA","CALI","2020Q4"
"Decil 5",0,0,0,"CoCA","CALI","2020Q4"
"Decil 6",0,0,0,"CoCA","CALI","2020Q4"
"Decil 7",0,0,0,"CoCA","CALI","2020Q4"
"Decil 8",0,0,0,"CoCA","CALI","2020Q4"
"Decil 9",0,0,0,"CoCA","CALI","2020Q4"
"Decil 10",0,0,0,"CoCA","CALI","2020Q4"
"Decil 1",57.0833333333333,0.307583197000025,0.196202015357369,"CoNA","CALI","2020Q4"
"Decil 2",20.4166666666667,0.0182194107935082,0.00208503615883163,"CoNA","CALI","2020Q4"
"Decil 3",0,0,0,"CoNA","CALI","2020Q4"
"Decil 4",0,0,0,"CoNA","CALI","2020Q4"
"Decil 5",0,0,0,"CoNA","CALI","2020Q4"
"Decil 6",0,0,0,"CoNA","CALI","2020Q4"
"Decil 7",0,0,0,"CoNA","CALI","2020Q4"
"Decil 8",0,0,0,"CoNA","CALI","2020Q4"
"Decil 9",0,0,0,"CoNA","CALI","2020Q4"
"Decil 10",0,0,0,"CoNA","CALI","2020Q4"
"Decil 1",19.5744680851064,0.101313786942687,0.0739657371302103,"CoCA","CALI","2021Q1"
"Decil 2",0,0,0,"CoCA","CALI","2021Q1"
"Decil 3",0,0,0,"CoCA","CALI","2021Q1"
"Decil 4",0,0,0,"CoCA","CALI","2021Q1"
"Decil 5",0,0,0,"CoCA","CALI","2021Q1"
"Decil 6",0,0,0,"CoCA","CALI","2021Q1"
"Decil 7",0,0,0,"CoCA","CALI","2021Q1"
"Decil 8",0,0,0,"CoCA","CALI","2021Q1"
"Decil 9",0,0,0,"CoCA","CALI","2021Q1"
"Decil 10",0,0,0,"CoCA","CALI","2021Q1"
"Decil 1",53.1914893617021,0.270613005101554,0.170661618891721,"CoNA","CALI","2021Q1"
"Decil 2",11.063829787234,0.00720646512293832,0.000625788468479173,"CoNA","CALI","2021Q1"
"Decil 3",0,0,0,"CoNA","CALI","2021Q1"
"Decil 4",0,0,0,"CoNA","CALI","2021Q1"
"Decil 5",0,0,0,"CoNA","CALI","2021Q1"
"Decil 6",0,0,0,"CoNA","CALI","2021Q1"
"Decil 7",0,0,0,"CoNA","CALI","2021Q1"
"Decil 8",0,0,0,"CoNA","CALI","2021Q1"
"Decil 9",0,0,0,"CoNA","CALI","2021Q1"
"Decil 10",0,0,0,"CoNA","CALI","2021Q1"
"Decil 1",29.2792792792793,0.148672127853595,0.111861231400539,"CoCA","CALI","2021Q2"
"Decil 2",0,0,0,"CoCA","CALI","2021Q2"
"Decil 3",0,0,0,"CoCA","CALI","2021Q2"
"Decil 4",0,0,0,"CoCA","CALI","2021Q2"
"Decil 5",0,0,0,"CoCA","CALI","2021Q2"
"Decil 6",0,0,0,"CoCA","CALI","2021Q2"
"Decil 7",0,0,0,"CoCA","CALI","2021Q2"
"Decil 8",0,0,0,"CoCA","CALI","2021Q2"
"Decil 9",0,0,0,"CoCA","CALI","2021Q2"
"Decil 10",0,0,0,"CoCA","CALI","2021Q2"
"Decil 1",51.8018018018018,0.333081154956216,0.236013250973704,"CoNA","CALI","2021Q2"
"Decil 2",42.7927927927928,0.0710959296757189,0.0157621904746019,"CoNA","CALI","2021Q2"
"Decil 3",0.45045045045045,1.3717900496557e-05,4.17761362754232e-08,"CoNA","CALI","2021Q2"
"Decil 4",0,0,0,"CoNA","CALI","2021Q2"
"Decil 5",0,0,0,"CoNA","CALI","2021Q2"
"Decil 6",0,0,0,"CoNA","CALI","2021Q2"
"Decil 7",0,0,0,"CoNA","CALI","2021Q2"
"Decil 8",0,0,0,"CoNA","CALI","2021Q2"
"Decil 9",0,0,0,"CoNA","CALI","2021Q2"
"Decil 10",0,0,0,"CoNA","CALI","2021Q2"
"Decil 1",17.1945701357466,0.0855340733989539,0.063926127517112,"CoCA","CALI","2021Q3"
"Decil 2",0,0,0,"CoCA","CALI","2021Q3"
"Decil 3",0,0,0,"CoCA","CALI","2021Q3"
"Decil 4",0,0,0,"CoCA","CALI","2021Q3"
"Decil 5",0,0,0,"CoCA","CALI","2021Q3"
"Decil 6",0,0,0,"CoCA","CALI","2021Q3"
"Decil 7",0,0,0,"CoCA","CALI","2021Q3"
"Decil 8",0,0,0,"CoCA","CALI","2021Q3"
"Decil 9",0,0,0,"CoCA","CALI","2021Q3"
"Decil 10",0,0,0,"CoCA","CALI","2021Q3"
"Decil 1",52.9411764705882,0.247720940112617,0.150334515126964,"CoNA","CALI","2021Q3"
"Decil 2",9.04977375565611,0.00506640091233895,0.000363938435144404,"CoNA","CALI","2021Q3"
"Decil 3",0,0,0,"CoNA","CALI","2021Q3"
"Decil 4",0,0,0,"CoNA","CALI","2021Q3"
"Decil 5",0,0,0,"CoNA","CALI","2021Q3"
"Decil 6",0,0,0,"CoNA","CALI","2021Q3"
"Decil 7",0,0,0,"CoNA","CALI","2021Q3"
"Decil 8",0,0,0,"CoNA","CALI","2021Q3"
"Decil 9",0,0,0,"CoNA","CALI","2021Q3"
"Decil 10",0,0,0,"CoNA","CALI","2021Q3"
"Decil 1",20,0.115991443327156,0.0949942550593155,"CoCA","CALI","2021Q4"
"Decil 2",0,0,0,"CoCA","CALI","2021Q4"
"Decil 3",0,0,0,"CoCA","CALI","2021Q4"
"Decil 4",0,0,0,"CoCA","CALI","2021Q4"
"Decil 5",0,0,0,"CoCA","CALI","2021Q4"
"Decil 6",0,0,0,"CoCA","CALI","2021Q4"
"Decil 7",0,0,0,"CoCA","CALI","2021Q4"
"Decil 8",0,0,0,"CoCA","CALI","2021Q4"
"Decil 9",0,0,0,"CoCA","CALI","2021Q4"
"Decil 10",0,0,0,"CoCA","CALI","2021Q4"
"Decil 1",54.8837209302326,0.281947435003938,0.183614683184257,"CoNA","CALI","2021Q4"
"Decil 2",15.3488372093023,0.00972447417701095,0.000979506357317338,"CoNA","CALI","2021Q4"
"Decil 3",0,0,0,"CoNA","CALI","2021Q4"
"Decil 4",0,0,0,"CoNA","CALI","2021Q4"
"Decil 5",0,0,0,"CoNA","CALI","2021Q4"
"Decil 6",0,0,0,"CoNA","CALI","2021Q4"
"Decil 7",0,0,0,"CoNA","CALI","2021Q4"
"Decil 8",0,0,0,"CoNA","CALI","2021Q4"
"Decil 9",0,0,0,"CoNA","CALI","2021Q4"
"Decil 10",0,0,0,"CoNA","CALI","2021Q4"
"Decil 1",22.9681978798587,0.122323797388301,0.0904934949429599,"CoCA","CALI","2022Q1"
"Decil 2",0,0,0,"CoCA","CALI","2022Q1"
"Decil 3",0,0,0,"CoCA","CALI","2022Q1"
"Decil 4",0,0,0,"CoCA","CALI","2022Q1"
"Decil 5",0,0,0,"CoCA","CALI","2022Q1"
"Decil 6",0,0,0,"CoCA","CALI","2022Q1"
"Decil 7",0,0,0,"CoCA","CALI","2022Q1"
"Decil 8",0,0,0,"CoCA","CALI","2022Q1"
"Decil 9",0,0,0,"CoCA","CALI","2022Q1"
"Decil 10",0,0,0,"CoCA","CALI","2022Q1"
"Decil 1",53.7102473498233,0.304914848601994,0.203990203714837,"CoNA","CALI","2022Q1"
"Decil 2",24.7349823321555,0.0237037582300419,0.0036723488758306,"CoNA","CALI","2022Q1"
"Decil 3",0,0,0,"CoNA","CALI","2022Q1"
"Decil 4",0,0,0,"CoNA","CALI","2022Q1"
"Decil 5",0,0,0,"CoNA","CALI","2022Q1"
"Decil 6",0,0,0,"CoNA","CALI","2022Q1"
"Decil 7",0,0,0,"CoNA","CALI","2022Q1"
"Decil 8",0,0,0,"CoNA","CALI","2022Q1"
"Decil 9",0,0,0,"CoNA","CALI","2022Q1"
"Decil 10",0,0,0,"CoNA","CALI","2022Q1"
"Decil 1",14.1379310344828,0.0820668328992912,0.0627246430033878,"CoCA","CALI","2022Q2"
"Decil 2",0,0,0,"CoCA","CALI","2022Q2"
"Decil 3",0,0,0,"CoCA","CALI","2022Q2"
"Decil 4",0,0,0,"CoCA","CALI","2022Q2"
"Decil 5",0,0,0,"CoCA","CALI","2022Q2"
"Decil 6",0,0,0,"CoCA","CALI","2022Q2"
"Decil 7",0,0,0,"CoCA","CALI","2022Q2"
"Decil 8",0,0,0,"CoCA","CALI","2022Q2"
"Decil 9",0,0,0,"CoCA","CALI","2022Q2"
"Decil 10",0,0,0,"CoCA","CALI","2022Q2"
"Decil 1",49.6551724137931,0.233470774953089,0.144361828309621,"CoNA","CALI","2022Q2"
"Decil 2",11.7647058823529,0.00703773855839132,0.000537265698553815,"CoNA","CALI","2022Q2"
"Decil 3",0,0,0,"CoNA","CALI","2022Q2"
"Decil 4",0,0,0,"CoNA","CALI","2022Q2"
"Decil 5",0,0,0,"CoNA","CALI","2022Q2"
"Decil 6",0,0,0,"CoNA","CALI","2022Q2"
"Decil 7",0,0,0,"CoNA","CALI","2022Q2"
"Decil 8",0,0,0,"CoNA","CALI","2022Q2"
"Decil 9",0,0,0,"CoNA","CALI","2022Q2"
"Decil 10",0,0,0,"CoNA","CALI","2022Q2"
"Decil 1",20.3571428571429,0.093406094590517,0.0629588477355383,"CoCA","CALI","2022Q3"
"Decil 2",0,0,0,"CoCA","CALI","2022Q3"
"Decil 3",0,0,0,"CoCA","CALI","2022Q3"
"Decil 4",0,0,0,"CoCA","CALI","2022Q3"
"Decil 5",0,0,0,"CoCA","CALI","2022Q3"
"Decil 6",0,0,0,"CoCA","CALI","2022Q3"
"Decil 7",0,0,0,"CoCA","CALI","2022Q3"
"Decil 8",0,0,0,"CoCA","CALI","2022Q3"
"Decil 9",0,0,0,"CoCA","CALI","2022Q3"
"Decil 10",0,0,0,"CoCA","CALI","2022Q3"
"Decil 1",49.2857142857143,0.255005250705425,0.1580821252756,"CoNA","CALI","2022Q3"
"Decil 2",15.3571428571429,0.01325240758119,0.00154544591524462,"CoNA","CALI","2022Q3"
"Decil 3",0,0,0,"CoNA","CALI","2022Q3"
"Decil 4",0,0,0,"CoNA","CALI","2022Q3"
"Decil 5",0,0,0,"CoNA","CALI","2022Q3"
"Decil 6",0,0,0,"CoNA","CALI","2022Q3"
"Decil 7",0,0,0,"CoNA","CALI","2022Q3"
"Decil 8",0,0,0,"CoNA","CALI","2022Q3"
"Decil 9",0,0,0,"CoNA","CALI","2022Q3"
"Decil 10",0,0,0,"CoNA","CALI","2022Q3"
"Decil 1",23.7037037037037,0.118005896864123,0.0861480437486287,"CoCA","CALI","2022Q4"
"Decil 2",0,0,0,"CoCA","CALI","2022Q4"
"Decil 3",0,0,0,"CoCA","CALI","2022Q4"
"Decil 4",0,0,0,"CoCA","CALI","2022Q4"
"Decil 5",0,0,0,"CoCA","CALI","2022Q4"
"Decil 6",0,0,0,"CoCA","CALI","2022Q4"
"Decil 7",0,0,0,"CoCA","CALI","2022Q4"
"Decil 8",0,0,0,"CoCA","CALI","2022Q4"
"Decil 9",0,0,0,"CoCA","CALI","2022Q4"
"Decil 10",0,0,0,"CoCA","CALI","2022Q4"
"Decil 1",53.3333333333333,0.281395401333005,0.17995902671219,"CoNA","CALI","2022Q4"
"Decil 2",18.8888888888889,0.0174888268147162,0.00221298024499488,"CoNA","CALI","2022Q4"
"Decil 3",0,0,0,"CoNA","CALI","2022Q4"
"Decil 4",0,0,0,"CoNA","CALI","2022Q4"
"Decil 5",0,0,0,"CoNA","CALI","2022Q4"
"Decil 6",0,0,0,"CoNA","CALI","2022Q4"
"Decil 7",0,0,0,"CoNA","CALI","2022Q4"
"Decil 8",0,0,0,"CoNA","CALI","2022Q4"
"Decil 9",0,0,0,"CoNA","CALI","2022Q4"
"Decil 10",0,0,0,"CoNA","CALI","2022Q4"
"Decil 1",26.6187050359712,0.143522501997117,0.107024826071747,"CoCA","CALI","2023Q1"
"Decil 2",0,0,0,"CoCA","CALI","2023Q1"
"Decil 3",0,0,0,"CoCA","CALI","2023Q1"
"Decil 4",0,0,0,"CoCA","CALI","2023Q1"
"Decil 5",0,0,0,"CoCA","CALI","2023Q1"
"Decil 6",0,0,0,"CoCA","CALI","2023Q1"
"Decil 7",0,0,0,"CoCA","CALI","2023Q1"
"Decil 8",0,0,0,"CoCA","CALI","2023Q1"
"Decil 9",0,0,0,"CoCA","CALI","2023Q1"
"Decil 10",0,0,0,"CoCA","CALI","2023Q1"
"Decil 1",52.158273381295,0.312623039304358,0.214542556807501,"CoNA","CALI","2023Q1"
"Decil 2",37.1841155234657,0.0493143620633587,0.00898674770865451,"CoNA","CALI","2023Q1"
"Decil 3",0,0,0,"CoNA","CALI","2023Q1"
"Decil 4",0,0,0,"CoNA","CALI","2023Q1"
"Decil 5",0,0,0,"CoNA","CALI","2023Q1"
"Decil 6",0,0,0,"CoNA","CALI","2023Q1"
"Decil 7",0,0,0,"CoNA","CALI","2023Q1"
"Decil 8",0,0,0,"CoNA","CALI","2023Q1"
"Decil 9",0,0,0,"CoNA","CALI","2023Q1"
"Decil 10",0,0,0,"CoNA","CALI","2023Q1"
"Decil 1",16.1870503597122,0.0698611802650004,0.0455812791175743,"CoCA","CALI","2023Q2"
"Decil 2",0,0,0,"CoCA","CALI","2023Q2"
"Decil 3",0,0,0,"CoCA","CALI","2023Q2"
"Decil 4",0,0,0,"CoCA","CALI","2023Q2"
"Decil 5",0,0,0,"CoCA","CALI","2023Q2"
"Decil 6",0,0,0,"CoCA","CALI","2023Q2"
"Decil 7",0,0,0,"CoCA","CALI","2023Q2"
"Decil 8",0,0,0,"CoCA","CALI","2023Q2"
"Decil 9",0,0,0,"CoCA","CALI","2023Q2"
"Decil 10",0,0,0,"CoCA","CALI","2023Q2"
"Decil 1",49.2805755395683,0.242511872017275,0.140523415323452,"CoNA","CALI","2023Q2"
"Decil 2",23.3812949640288,0.0231338493852191,0.00313814663934513,"CoNA","CALI","2023Q2"
"Decil 3",0,0,0,"CoNA","CALI","2023Q2"
"Decil 4",0,0,0,"CoNA","CALI","2023Q2"
"Decil 5",0,0,0,"CoNA","CALI","2023Q2"
"Decil 6",0,0,0,"CoNA","CALI","2023Q2"
"Decil 7",0,0,0,"CoNA","CALI","2023Q2"
"Decil 8",0,0,0,"CoNA","CALI","2023Q2"
"Decil 9",0,0,0,"CoNA","CALI","2023Q2"
"Decil 10",0,0,0,"CoNA","CALI","2023Q2"
"Decil 1",22.962962962963,0.121183071705512,0.0866872025002647,"CoCA","CALI","2023Q3"
"Decil 2",0,0,0,"CoCA","CALI","2023Q3"
"Decil 3",0,0,0,"CoCA","CALI","2023Q3"
"Decil 4",0,0,0,"CoCA","CALI","2023Q3"
"Decil 5",0,0,0,"CoCA","CALI","2023Q3"
"Decil 6",0,0,0,"CoCA","CALI","2023Q3"
"Decil 7",0,0,0,"CoCA","CALI","2023Q3"
"Decil 8",0,0,0,"CoCA","CALI","2023Q3"
"Decil 9",0,0,0,"CoCA","CALI","2023Q3"
"Decil 10",0,0,0,"CoCA","CALI","2023Q3"
"Decil 1",52.962962962963,0.308462695577923,0.203476494889615,"CoNA","CALI","2023Q3"
"Decil 2",32.2222222222222,0.0389625953753435,0.00666167737929777,"CoNA","CALI","2023Q3"
"Decil 3",0,0,0,"CoNA","CALI","2023Q3"
"Decil 4",0,0,0,"CoNA","CALI","2023Q3"
"Decil 5",0,0,0,"CoNA","CALI","2023Q3"
"Decil 6",0,0,0,"CoNA","CALI","2023Q3"
"Decil 7",0,0,0,"CoNA","CALI","2023Q3"
"Decil 8",0,0,0,"CoNA","CALI","2023Q3"
"Decil 9",0,0,0,"CoNA","CALI","2023Q3"
"Decil 10",0,0,0,"CoNA","CALI","2023Q3"
"Decil 1",25.7692307692308,0.137211528162975,0.102718453628793,"CoCA","CALI","2023Q4"
"Decil 2",0,0,0,"CoCA","CALI","2023Q4"
"Decil 3",0,0,0,"CoCA","CALI","2023Q4"
"Decil 4",0,0,0,"CoCA","CALI","2023Q4"
"Decil 5",0,0,0,"CoCA","CALI","2023Q4"
"Decil 6",0,0,0,"CoCA","CALI","2023Q4"
"Decil 7",0,0,0,"CoCA","CALI","2023Q4"
"Decil 8",0,0,0,"CoCA","CALI","2023Q4"
"Decil 9",0,0,0,"CoCA","CALI","2023Q4"
"Decil 10",0,0,0,"CoCA","CALI","2023Q4"
"Decil 1",47.3076923076923,0.278671944428944,0.19383285286033,"CoNA","CALI","2023Q4"
"Decil 2",24.2307692307692,0.0238176669688931,0.00308259434939754,"CoNA","CALI","2023Q4"
"Decil 3",0,0,0,"CoNA","CALI","2023Q4"
"Decil 4",0,0,0,"CoNA","CALI","2023Q4"
"Decil 5",0,0,0,"CoNA","CALI","2023Q4"
"Decil 6",0,0,0,"CoNA","CALI","2023Q4"
"Decil 7",0,0,0,"CoNA","CALI","2023Q4"
"Decil 8",0,0,0,"CoNA","CALI","2023Q4"
"Decil 9",0,0,0,"CoNA","CALI","2023Q4"
"Decil 10",0,0,0,"CoNA","CALI","2023Q4"
"Decil 1",25.3676470588235,0.142781891208983,0.109214681189712,"CoCA","CALI","2024Q1"
"Decil 2",0,0,0,"CoCA","CALI","2024Q1"
"Decil 3",0,0,0,"CoCA","CALI","2024Q1"
"Decil 4",0,0,0,"CoCA","CALI","2024Q1"
"Decil 5",0,0,0,"CoCA","CALI","2024Q1"
"Decil 6",0,0,0,"CoCA","CALI","2024Q1"
"Decil 7",0,0,0,"CoCA","CALI","2024Q1"
"Decil 8",0,0,0,"CoCA","CALI","2024Q1"
"Decil 9",0,0,0,"CoCA","CALI","2024Q1"
"Decil 10",0,0,0,"CoCA","CALI","2024Q1"
"Decil 1",54.4117647058823,0.335813778865346,0.232497945544009,"CoNA","CALI","2024Q1"
"Decil 2",34.1911764705882,0.0555713184569879,0.0123301516754188,"CoNA","CALI","2024Q1"
"Decil 3",0.735294117647059,0.000105260842971952,1.50900581772288e-06,"CoNA","CALI","2024Q1"
"Decil 4",0,0,0,"CoNA","CALI","2024Q1"
"Decil 5",0,0,0,"CoNA","CALI","2024Q1"
"Decil 6",0,0,0,"CoNA","CALI","2024Q1"
"Decil 7",0,0,0,"CoNA","CALI","2024Q1"
"Decil 8",0,0,0,"CoNA","CALI","2024Q1"
"Decil 9",0,0,0,"CoNA","CALI","2024Q1"
"Decil 10",0,0,0,"CoNA","CALI","2024Q1"
"Decil 1",21.4814814814815,0.125888181784628,0.0982080115437713,"CoCA","CALI","2024Q2"
"Decil 2",0,0,0,"CoCA","CALI","2024Q2"
"Decil 3",0,0,0,"CoCA","CALI","2024Q2"
"Decil 4",0,0,0,"CoCA","CALI","2024Q2"
"Decil 5",0,0,0,"CoCA","CALI","2024Q2"
"Decil 6",0,0,0,"CoCA","CALI","2024Q2"
"Decil 7",0,0,0,"CoCA","CALI","2024Q2"
"Decil 8",0,0,0,"CoCA","CALI","2024Q2"
"Decil 9",0,0,0,"CoCA","CALI","2024Q2"
"Decil 10",0,0,0,"CoCA","CALI","2024Q2"
"Decil 1",51.1111111111111,0.28922981980479,0.19746623997544,"CoNA","CALI","2024Q2"
"Decil 2",21.9330855018587,0.0238532515548426,0.00316659317755868,"CoNA","CALI","2024Q2"
"Decil 3",0,0,0,"CoNA","CALI","2024Q2"
"Decil 4",0,0,0,"CoNA","CALI","2024Q2"
"Decil 5",0,0,0,"CoNA","CALI","2024Q2"
"Decil 6",0,0,0,"CoNA","CALI","2024Q2"
"Decil 7",0,0,0,"CoNA","CALI","2024Q2"
"Decil 8",0,0,0,"CoNA","CALI","2024Q2"
"Decil 9",0,0,0,"CoNA","CALI","2024Q2"
"Decil 10",0,0,0,"CoNA","CALI","2024Q2"
"Decil 1",19.0839694656489,0.105517222846172,0.0815158070752031,"CoCA","CALI","2024Q3"
"Decil 2",0,0,0,"CoCA","CALI","2024Q3"
"Decil 3",0,0,0,"CoCA","CALI","2024Q3"
"Decil 4",0,0,0,"CoCA","CALI","2024Q3"
"Decil 5",0,0,0,"CoCA","CALI","2024Q3"
"Decil 6",0,0,0,"CoCA","CALI","2024Q3"
"Decil 7",0,0,0,"CoCA","CALI","2024Q3"
"Decil 8",0,0,0,"CoCA","CALI","2024Q3"
"Decil 9",0,0,0,"CoCA","CALI","2024Q3"
"Decil 10",0,0,0,"CoCA","CALI","2024Q3"
"Decil 1",48.0916030534351,0.273858604114174,0.183663117989579,"CoNA","CALI","2024Q3"
"Decil 2",19.8473282442748,0.0195757728725095,0.0026775381123938,"CoNA","CALI","2024Q3"
"Decil 3",0,0,0,"CoNA","CALI","2024Q3"
"Decil 4",0,0,0,"CoNA","CALI","2024Q3"
"Decil 5",0,0,0,"CoNA","CALI","2024Q3"
"Decil 6",0,0,0,"CoNA","CALI","2024Q3"
"Decil 7",0,0,0,"CoNA","CALI","2024Q3"
"Decil 8",0,0,0,"CoNA","CALI","2024Q3"
"Decil 9",0,0,0,"CoNA","CALI","2024Q3"
"Decil 10",0,0,0,"CoNA","CALI","2024Q3"
"Decil 1",23.3201581027668,0.12602405363467,0.091929274558627,"CoCA","CALI","2024Q4"
"Decil 2",0,0,0,"CoCA","CALI","2024Q4"
"Decil 3",0,0,0,"CoCA","CALI","2024Q4"
"Decil 4",0,0,0,"CoCA","CALI","2024Q4"
"Decil 5",0,0,0,"CoCA","CALI","2024Q4"
"Decil 6",0,0,0,"CoCA","CALI","2024Q4"
"Decil 7",0,0,0,"CoCA","CALI","2024Q4"
"Decil 8",0,0,0,"CoCA","CALI","2024Q4"
"Decil 9",0,0,0,"CoCA","CALI","2024Q4"
"Decil 10",0,0,0,"CoCA","CALI","2024Q4"
"Decil 1",54.9407114624506,0.312496047567538,0.211206193672734,"CoNA","CALI","2024Q4"
"Decil 2",21.031746031746,0.0216237593217804,0.00302828885829986,"CoNA","CALI","2024Q4"
"Decil 3",0,0,0,"CoNA","CALI","2024Q4"
"Decil 4",0,0,0,"CoNA","CALI","2024Q4"
"Decil 5",0,0,0,"CoNA","CALI","2024Q4"
"Decil 6",0,0,0,"CoNA","CALI","2024Q4"
"Decil 7",0,0,0,"CoNA","CALI","2024Q4"
"Decil 8",0,0,0,"CoNA","CALI","2024Q4"
"Decil 9",0,0,0,"CoNA","CALI","2024Q4"
"Decil 10",0,0,0,"CoNA","CALI","2024Q4"
"Decil 1",13.3757961783439,0.0722228067266537,0.0502439960482472,"CoCA","MEDELLÍN","2018Q1"
"Decil 2",0,0,0,"CoCA","MEDELLÍN","2018Q1"
"Decil 3",0,0,0,"CoCA","MEDELLÍN","2018Q1"
"Decil 4",0,0,0,"CoCA","MEDELLÍN","2018Q1"
"Decil 5",0,0,0,"CoCA","MEDELLÍN","2018Q1"
"Decil 6",0,0,0,"CoCA","MEDELLÍN","2018Q1"
"Decil 7",0,0,0,"CoCA","MEDELLÍN","2018Q1"
"Decil 8",0,0,0,"CoCA","MEDELLÍN","2018Q1"
"Decil 9",0,0,0,"CoCA","MEDELLÍN","2018Q1"
"Decil 10",0,0,0,"CoCA","MEDELLÍN","2018Q1"
"Decil 1",48.4076433121019,0.186814547662915,0.1124158059791,"CoNA","MEDELLÍN","2018Q1"
"Decil 2",0,0,0,"CoNA","MEDELLÍN","2018Q1"
"Decil 3",0,0,0,"CoNA","MEDELLÍN","2018Q1"
"Decil 4",0,0,0,"CoNA","MEDELLÍN","2018Q1"
"Decil 5",0,0,0,"CoNA","MEDELLÍN","2018Q1"
"Decil 6",0,0,0,"CoNA","MEDELLÍN","2018Q1"
"Decil 7",0,0,0,"CoNA","MEDELLÍN","2018Q1"
"Decil 8",0,0,0,"CoNA","MEDELLÍN","2018Q1"
"Decil 9",0,0,0,"CoNA","MEDELLÍN","2018Q1"
"Decil 10",0,0,0,"CoNA","MEDELLÍN","2018Q1"
"Decil 1",11.5625,0.0698923667636231,0.0584540590777116,"CoCA","MEDELLÍN","2018Q2"
"Decil 2",0,0,0,"CoCA","MEDELLÍN","2018Q2"
"Decil 3",0,0,0,"CoCA","MEDELLÍN","2018Q2"
"Decil 4",0,0,0,"CoCA","MEDELLÍN","2018Q2"
"Decil 5",0,0,0,"CoCA","MEDELLÍN","2018Q2"
"Decil 6",0,0,0,"CoCA","MEDELLÍN","2018Q2"
"Decil 7",0,0,0,"CoCA","MEDELLÍN","2018Q2"
"Decil 8",0,0,0,"CoCA","MEDELLÍN","2018Q2"
"Decil 9",0,0,0,"CoCA","MEDELLÍN","2018Q2"
"Decil 10",0,0,0,"CoCA","MEDELLÍN","2018Q2"
"Decil 1",40.9375,0.170098375246395,0.108155097989131,"CoNA","MEDELLÍN","2018Q2"
"Decil 2",0,0,0,"CoNA","MEDELLÍN","2018Q2"
"Decil 3",0,0,0,"CoNA","MEDELLÍN","2018Q2"
"Decil 4",0,0,0,"CoNA","MEDELLÍN","2018Q2"
"Decil 5",0,0,0,"CoNA","MEDELLÍN","2018Q2"
"Decil 6",0,0,0,"CoNA","MEDELLÍN","2018Q2"
"Decil 7",0,0,0,"CoNA","MEDELLÍN","2018Q2"
"Decil 8",0,0,0,"CoNA","MEDELLÍN","2018Q2"
"Decil 9",0,0,0,"CoNA","MEDELLÍN","2018Q2"
"Decil 10",0,0,0,"CoNA","MEDELLÍN","2018Q2"
"Decil 1",13.2716049382716,0.0717906278521719,0.0558346382482323,"CoCA","MEDELLÍN","2018Q3"
"Decil 2",0,0,0,"CoCA","MEDELLÍN","2018Q3"
"Decil 3",0,0,0,"CoCA","MEDELLÍN","2018Q3"
"Decil 4",0,0,0,"CoCA","MEDELLÍN","2018Q3"
"Decil 5",0,0,0,"CoCA","MEDELLÍN","2018Q3"
"Decil 6",0,0,0,"CoCA","MEDELLÍN","2018Q3"
"Decil 7",0,0,0,"CoCA","MEDELLÍN","2018Q3"
"Decil 8",0,0,0,"CoCA","MEDELLÍN","2018Q3"
"Decil 9",0,0,0,"CoCA","MEDELLÍN","2018Q3"
"Decil 10",0,0,0,"CoCA","MEDELLÍN","2018Q3"
"Decil 1",42.9012345679012,0.178196803318683,0.11386190028288,"CoNA","MEDELLÍN","2018Q3"
"Decil 2",0,0,0,"CoNA","MEDELLÍN","2018Q3"
"Decil 3",0,0,0,"CoNA","MEDELLÍN","2018Q3"
"Decil 4",0,0,0,"CoNA","MEDELLÍN","2018Q3"
"Decil 5",0,0,0,"CoNA","MEDELLÍN","2018Q3"
"Decil 6",0,0,0,"CoNA","MEDELLÍN","2018Q3"
"Decil 7",0,0,0,"CoNA","MEDELLÍN","2018Q3"
"Decil 8",0,0,0,"CoNA","MEDELLÍN","2018Q3"
"Decil 9",0,0,0,"CoNA","MEDELLÍN","2018Q3"
"Decil 10",0,0,0,"CoNA","MEDELLÍN","2018Q3"
"Decil 1",13.9751552795031,0.0706507252615943,0.0528185227455144,"CoCA","MEDELLÍN","2018Q4"
"Decil 2",0,0,0,"CoCA","MEDELLÍN","2018Q4"
"Decil 3",0,0,0,"CoCA","MEDELLÍN","2018Q4"
"Decil 4",0,0,0,"CoCA","MEDELLÍN","2018Q4"
"Decil 5",0,0,0,"CoCA","MEDELLÍN","2018Q4"
"Decil 6",0,0,0,"CoCA","MEDELLÍN","2018Q4"
"Decil 7",0,0,0,"CoCA","MEDELLÍN","2018Q4"
"Decil 8",0,0,0,"CoCA","MEDELLÍN","2018Q4"
"Decil 9",0,0,0,"CoCA","MEDELLÍN","2018Q4"
"Decil 10",0,0,0,"CoCA","MEDELLÍN","2018Q4"
"Decil 1",45.0310559006211,0.18437460508061,0.115440913765089,"CoNA","MEDELLÍN","2018Q4"
"Decil 2",0,0,0,"CoNA","MEDELLÍN","2018Q4"
"Decil 3",0,0,0,"CoNA","MEDELLÍN","2018Q4"
"Decil 4",0,0,0,"CoNA","MEDELLÍN","2018Q4"
"Decil 5",0,0,0,"CoNA","MEDELLÍN","2018Q4"
"Decil 6",0,0,0,"CoNA","MEDELLÍN","2018Q4"
"Decil 7",0,0,0,"CoNA","MEDELLÍN","2018Q4"
"Decil 8",0,0,0,"CoNA","MEDELLÍN","2018Q4"
"Decil 9",0,0,0,"CoNA","MEDELLÍN","2018Q4"
"Decil 10",0,0,0,"CoNA","MEDELLÍN","2018Q4"
"Decil 1",15.6441717791411,0.0917926924305418,0.0733362165283361,"CoCA","MEDELLÍN","2019Q1"
"Decil 2",0,0,0,"CoCA","MEDELLÍN","2019Q1"
"Decil 3",0,0,0,"CoCA","MEDELLÍN","2019Q1"
"Decil 4",0,0,0,"CoCA","MEDELLÍN","2019Q1"
"Decil 5",0,0,0,"CoCA","MEDELLÍN","2019Q1"
"Decil 6",0,0,0,"CoCA","MEDELLÍN","2019Q1"
"Decil 7",0,0,0,"CoCA","MEDELLÍN","2019Q1"
"Decil 8",0,0,0,"CoCA","MEDELLÍN","2019Q1"
"Decil 9",0,0,0,"CoCA","MEDELLÍN","2019Q1"
"Decil 10",0,0,0,"CoCA","MEDELLÍN","2019Q1"
"Decil 1",46.319018404908,0.206314914790589,0.136144186212479,"CoNA","MEDELLÍN","2019Q1"
"Decil 2",4.29447852760736,0.000911082502614064,2.95091029226314e-05,"CoNA","MEDELLÍN","2019Q1"
"Decil 3",0,0,0,"CoNA","MEDELLÍN","2019Q1"
"Decil 4",0,0,0,"CoNA","MEDELLÍN","2019Q1"
"Decil 5",0,0,0,"CoNA","MEDELLÍN","2019Q1"
"Decil 6",0,0,0,"CoNA","MEDELLÍN","2019Q1"
"Decil 7",0,0,0,"CoNA","MEDELLÍN","2019Q1"
"Decil 8",0,0,0,"CoNA","MEDELLÍN","2019Q1"
"Decil 9",0,0,0,"CoNA","MEDELLÍN","2019Q1"
"Decil 10",0,0,0,"CoNA","MEDELLÍN","2019Q1"
"Decil 1",18.6335403726708,0.100271061104545,0.0777004626299182,"CoCA","MEDELLÍN","2019Q2"
"Decil 2",0,0,0,"CoCA","MEDELLÍN","2019Q2"
"Decil 3",0,0,0,"CoCA","MEDELLÍN","2019Q2"
"Decil 4",0,0,0,"CoCA","MEDELLÍN","2019Q2"
"Decil 5",0,0,0,"CoCA","MEDELLÍN","2019Q2"
"Decil 6",0,0,0,"CoCA","MEDELLÍN","2019Q2"
"Decil 7",0,0,0,"CoCA","MEDELLÍN","2019Q2"
"Decil 8",0,0,0,"CoCA","MEDELLÍN","2019Q2"
"Decil 9",0,0,0,"CoCA","MEDELLÍN","2019Q2"
"Decil 10",0,0,0,"CoCA","MEDELLÍN","2019Q2"
"Decil 1",47.5155279503106,0.210036053155015,0.140253801888982,"CoNA","MEDELLÍN","2019Q2"
"Decil 2",0,0,0,"CoNA","MEDELLÍN","2019Q2"
"Decil 3",0,0,0,"CoNA","MEDELLÍN","2019Q2"
"Decil 4",0,0,0,"CoNA","MEDELLÍN","2019Q2"
"Decil 5",0,0,0,"CoNA","MEDELLÍN","2019Q2"
"Decil 6",0,0,0,"CoNA","MEDELLÍN","2019Q2"
"Decil 7",0,0,0,"CoNA","MEDELLÍN","2019Q2"
"Decil 8",0,0,0,"CoNA","MEDELLÍN","2019Q2"
"Decil 9",0,0,0,"CoNA","MEDELLÍN","2019Q2"
"Decil 10",0,0,0,"CoNA","MEDELLÍN","2019Q2"
"Decil 1",11.4197530864198,0.0603325003068915,0.0470812183231672,"CoCA","MEDELLÍN","2019Q3"
"Decil 2",0,0,0,"CoCA","MEDELLÍN","2019Q3"
"Decil 3",0,0,0,"CoCA","MEDELLÍN","2019Q3"
"Decil 4",0,0,0,"CoCA","MEDELLÍN","2019Q3"
"Decil 5",0,0,0,"CoCA","MEDELLÍN","2019Q3"
"Decil 6",0,0,0,"CoCA","MEDELLÍN","2019Q3"
"Decil 7",0,0,0,"CoCA","MEDELLÍN","2019Q3"
"Decil 8",0,0,0,"CoCA","MEDELLÍN","2019Q3"
"Decil 9",0,0,0,"CoCA","MEDELLÍN","2019Q3"
"Decil 10",0,0,0,"CoCA","MEDELLÍN","2019Q3"
"Decil 1",39.5061728395062,0.15689750646786,0.0963210140504515,"CoNA","MEDELLÍN","2019Q3"
"Decil 2",0,0,0,"CoNA","MEDELLÍN","2019Q3"
"Decil 3",0,0,0,"CoNA","MEDELLÍN","2019Q3"
"Decil 4",0,0,0,"CoNA","MEDELLÍN","2019Q3"
"Decil 5",0,0,0,"CoNA","MEDELLÍN","2019Q3"
"Decil 6",0,0,0,"CoNA","MEDELLÍN","2019Q3"
"Decil 7",0,0,0,"CoNA","MEDELLÍN","2019Q3"
"Decil 8",0,0,0,"CoNA","MEDELLÍN","2019Q3"
"Decil 9",0,0,0,"CoNA","MEDELLÍN","2019Q3"
"Decil 10",0,0,0,"CoNA","MEDELLÍN","2019Q3"
"Decil 1",10.5263157894737,0.0565857660391215,0.0439968394702914,"CoCA","MEDELLÍN","2019Q4"
"Decil 2",0,0,0,"CoCA","MEDELLÍN","2019Q4"
"Decil 3",0,0,0,"CoCA","MEDELLÍN","2019Q4"
"Decil 4",0,0,0,"CoCA","MEDELLÍN","2019Q4"
"Decil 5",0,0,0,"CoCA","MEDELLÍN","2019Q4"
"Decil 6",0,0,0,"CoCA","MEDELLÍN","2019Q4"
"Decil 7",0,0,0,"CoCA","MEDELLÍN","2019Q4"
"Decil 8",0,0,0,"CoCA","MEDELLÍN","2019Q4"
"Decil 9",0,0,0,"CoCA","MEDELLÍN","2019Q4"
"Decil 10",0,0,0,"CoCA","MEDELLÍN","2019Q4"
"Decil 1",33.7461300309598,0.134618185744902,0.0849863730020655,"CoNA","MEDELLÍN","2019Q4"
"Decil 2",0,0,0,"CoNA","MEDELLÍN","2019Q4"
"Decil 3",0,0,0,"CoNA","MEDELLÍN","2019Q4"
"Decil 4",0,0,0,"CoNA","MEDELLÍN","2019Q4"
"Decil 5",0,0,0,"CoNA","MEDELLÍN","2019Q4"
"Decil 6",0,0,0,"CoNA","MEDELLÍN","2019Q4"
"Decil 7",0,0,0,"CoNA","MEDELLÍN","2019Q4"
"Decil 8",0,0,0,"CoNA","MEDELLÍN","2019Q4"
"Decil 9",0,0,0,"CoNA","MEDELLÍN","2019Q4"
"Decil 10",0,0,0,"CoNA","MEDELLÍN","2019Q4"
"Decil 1",20.0636942675159,0.124825825864111,0.102378711424036,"CoCA","MEDELLÍN","2020Q1"
"Decil 2",0,0,0,"CoCA","MEDELLÍN","2020Q1"
"Decil 3",0,0,0,"CoCA","MEDELLÍN","2020Q1"
"Decil 4",0,0,0,"CoCA","MEDELLÍN","2020Q1"
"Decil 5",0,0,0,"CoCA","MEDELLÍN","2020Q1"
"Decil 6",0,0,0,"CoCA","MEDELLÍN","2020Q1"
"Decil 7",0,0,0,"CoCA","MEDELLÍN","2020Q1"
"Decil 8",0,0,0,"CoCA","MEDELLÍN","2020Q1"
"Decil 9",0,0,0,"CoCA","MEDELLÍN","2020Q1"
"Decil 10",0,0,0,"CoCA","MEDELLÍN","2020Q1"
"Decil 1",49.3630573248408,0.243432550216128,0.170615202771116,"CoNA","MEDELLÍN","2020Q1"
"Decil 2",0,0,0,"CoNA","MEDELLÍN","2020Q1"
"Decil 3",0,0,0,"CoNA","MEDELLÍN","2020Q1"
"Decil 4",0,0,0,"CoNA","MEDELLÍN","2020Q1"
"Decil 5",0,0,0,"CoNA","MEDELLÍN","2020Q1"
"Decil 6",0,0,0,"CoNA","MEDELLÍN","2020Q1"
"Decil 7",0,0,0,"CoNA","MEDELLÍN","2020Q1"
"Decil 8",0,0,0,"CoNA","MEDELLÍN","2020Q1"
"Decil 9",0,0,0,"CoNA","MEDELLÍN","2020Q1"
"Decil 10",0,0,0,"CoNA","MEDELLÍN","2020Q1"
"Decil 1",58.3606557377049,0.491338206439278,0.433985715314546,"CoCA","MEDELLÍN","2020Q2"
"Decil 2",15.0819672131148,0.0286224612569881,0.00748319428736694,"CoCA","MEDELLÍN","2020Q2"
"Decil 3",0,0,0,"CoCA","MEDELLÍN","2020Q2"
"Decil 4",0,0,0,"CoCA","MEDELLÍN","2020Q2"
"Decil 5",0,0,0,"CoCA","MEDELLÍN","2020Q2"
"Decil 6",0,0,0,"CoCA","MEDELLÍN","2020Q2"
"Decil 7",0,0,0,"CoCA","MEDELLÍN","2020Q2"
"Decil 8",0,0,0,"CoCA","MEDELLÍN","2020Q2"
"Decil 9",0,0,0,"CoCA","MEDELLÍN","2020Q2"
"Decil 10",0,0,0,"CoCA","MEDELLÍN","2020Q2"
"Decil 1",58.3606557377049,0.542397325789537,0.508152855821315,"CoNA","MEDELLÍN","2020Q2"
"Decil 2",50.4918032786885,0.231682977523166,0.116611515403086,"CoNA","MEDELLÍN","2020Q2"
"Decil 3",33.4426229508197,0.0400038285846839,0.00740783792547141,"CoNA","MEDELLÍN","2020Q2"
"Decil 4",0,0,0,"CoNA","MEDELLÍN","2020Q2"
"Decil 5",0,0,0,"CoNA","MEDELLÍN","2020Q2"
"Decil 6",0,0,0,"CoNA","MEDELLÍN","2020Q2"
"Decil 7",0,0,0,"CoNA","MEDELLÍN","2020Q2"
"Decil 8",0,0,0,"CoNA","MEDELLÍN","2020Q2"
"Decil 9",0,0,0,"CoNA","MEDELLÍN","2020Q2"
"Decil 10",0,0,0,"CoNA","MEDELLÍN","2020Q2"
"Decil 1",42.2155688622754,0.265337747899038,0.210575664378596,"CoCA","MEDELLÍN","2020Q3"
"Decil 2",0,0,0,"CoCA","MEDELLÍN","2020Q3"
"Decil 3",0,0,0,"CoCA","MEDELLÍN","2020Q3"
"Decil 4",0,0,0,"CoCA","MEDELLÍN","2020Q3"
"Decil 5",0,0,0,"CoCA","MEDELLÍN","2020Q3"
"Decil 6",0,0,0,"CoCA","MEDELLÍN","2020Q3"
"Decil 7",0,0,0,"CoCA","MEDELLÍN","2020Q3"
"Decil 8",0,0,0,"CoCA","MEDELLÍN","2020Q3"
"Decil 9",0,0,0,"CoCA","MEDELLÍN","2020Q3"
"Decil 10",0,0,0,"CoCA","MEDELLÍN","2020Q3"
"Decil 1",52.0958083832335,0.403591187103522,0.32954743556129,"CoNA","MEDELLÍN","2020Q3"
"Decil 2",43.1137724550898,0.0971802022381461,0.0298129456567477,"CoNA","MEDELLÍN","2020Q3"
"Decil 3",5.98802395209581,0.0016421615742776,5.20993095318981e-05,"CoNA","MEDELLÍN","2020Q3"
"Decil 4",0,0,0,"CoNA","MEDELLÍN","2020Q3"
"Decil 5",0,0,0,"CoNA","MEDELLÍN","2020Q3"
"Decil 6",0,0,0,"CoNA","MEDELLÍN","2020Q3"
"Decil 7",0,0,0,"CoNA","MEDELLÍN","2020Q3"
"Decil 8",0,0,0,"CoNA","MEDELLÍN","2020Q3"
"Decil 9",0,0,0,"CoNA","MEDELLÍN","2020Q3"
"Decil 10",0,0,0,"CoNA","MEDELLÍN","2020Q3"
"Decil 1",14.6875,0.0798819131601317,0.0569366600299552,"CoCA","MEDELLÍN","2020Q4"
"Decil 2",0,0,0,"CoCA","MEDELLÍN","2020Q4"
"Decil 3",0,0,0,"CoCA","MEDELLÍN","2020Q4"
"Decil 4",0,0,0,"CoCA","MEDELLÍN","2020Q4"
"Decil 5",0,0,0,"CoCA","MEDELLÍN","2020Q4"
"Decil 6",0,0,0,"CoCA","MEDELLÍN","2020Q4"
"Decil 7",0,0,0,"CoCA","MEDELLÍN","2020Q4"
"Decil 8",0,0,0,"CoCA","MEDELLÍN","2020Q4"
"Decil 9",0,0,0,"CoCA","MEDELLÍN","2020Q4"
"Decil 10",0,0,0,"CoCA","MEDELLÍN","2020Q4"
"Decil 1",44.6875,0.20869384452314,0.129388452199105,"CoNA","MEDELLÍN","2020Q4"
"Decil 2",8.4375,0.00454173923546992,0.0002949051086476,"CoNA","MEDELLÍN","2020Q4"
"Decil 3",0,0,0,"CoNA","MEDELLÍN","2020Q4"
"Decil 4",0,0,0,"CoNA","MEDELLÍN","2020Q4"
"Decil 5",0,0,0,"CoNA","MEDELLÍN","2020Q4"
"Decil 6",0,0,0,"CoNA","MEDELLÍN","2020Q4"
"Decil 7",0,0,0,"CoNA","MEDELLÍN","2020Q4"
"Decil 8",0,0,0,"CoNA","MEDELLÍN","2020Q4"
"Decil 9",0,0,0,"CoNA","MEDELLÍN","2020Q4"
"Decil 10",0,0,0,"CoNA","MEDELLÍN","2020Q4"
"Decil 1",20.8333333333333,0.132481415346563,0.108542361303607,"CoCA","MEDELLÍN","2021Q1"
"Decil 2",0,0,0,"CoCA","MEDELLÍN","2021Q1"
"Decil 3",0,0,0,"CoCA","MEDELLÍN","2021Q1"
"Decil 4",0,0,0,"CoCA","MEDELLÍN","2021Q1"
"Decil 5",0,0,0,"CoCA","MEDELLÍN","2021Q1"
"Decil 6",0,0,0,"CoCA","MEDELLÍN","2021Q1"
"Decil 7",0,0,0,"CoCA","MEDELLÍN","2021Q1"
"Decil 8",0,0,0,"CoCA","MEDELLÍN","2021Q1"
"Decil 9",0,0,0,"CoCA","MEDELLÍN","2021Q1"
"Decil 10",0,0,0,"CoCA","MEDELLÍN","2021Q1"
"Decil 1",50.9615384615385,0.254796042141286,0.179498151856847,"CoNA","MEDELLÍN","2021Q1"
"Decil 2",1.92307692307692,0.000358429687026893,9.02661927309634e-06,"CoNA","MEDELLÍN","2021Q1"
"Decil 3",0,0,0,"CoNA","MEDELLÍN","2021Q1"
"Decil 4",0,0,0,"CoNA","MEDELLÍN","2021Q1"
"Decil 5",0,0,0,"CoNA","MEDELLÍN","2021Q1"
"Decil 6",0,0,0,"CoNA","MEDELLÍN","2021Q1"
"Decil 7",0,0,0,"CoNA","MEDELLÍN","2021Q1"
"Decil 8",0,0,0,"CoNA","MEDELLÍN","2021Q1"
"Decil 9",0,0,0,"CoNA","MEDELLÍN","2021Q1"
"Decil 10",0,0,0,"CoNA","MEDELLÍN","2021Q1"
"Decil 1",21.25,0.100257629150952,0.0720520405821597,"CoCA","MEDELLÍN","2021Q2"
"Decil 2",0,0,0,"CoCA","MEDELLÍN","2021Q2"
"Decil 3",0,0,0,"CoCA","MEDELLÍN","2021Q2"
"Decil 4",0,0,0,"CoCA","MEDELLÍN","2021Q2"
"Decil 5",0,0,0,"CoCA","MEDELLÍN","2021Q2"
"Decil 6",0,0,0,"CoCA","MEDELLÍN","2021Q2"
"Decil 7",0,0,0,"CoCA","MEDELLÍN","2021Q2"
"Decil 8",0,0,0,"CoCA","MEDELLÍN","2021Q2"
"Decil 9",0,0,0,"CoCA","MEDELLÍN","2021Q2"
"Decil 10",0,0,0,"CoCA","MEDELLÍN","2021Q2"
"Decil 1",50,0.259390673230287,0.1665489850178,"CoNA","MEDELLÍN","2021Q2"
"Decil 2",12.8125,0.00789741212535445,0.000688950135301973,"CoNA","MEDELLÍN","2021Q2"
"Decil 3",0,0,0,"CoNA","MEDELLÍN","2021Q2"
"Decil 4",0,0,0,"CoNA","MEDELLÍN","2021Q2"
"Decil 5",0,0,0,"CoNA","MEDELLÍN","2021Q2"
"Decil 6",0,0,0,"CoNA","MEDELLÍN","2021Q2"
"Decil 7",0,0,0,"CoNA","MEDELLÍN","2021Q2"
"Decil 8",0,0,0,"CoNA","MEDELLÍN","2021Q2"
"Decil 9",0,0,0,"CoNA","MEDELLÍN","2021Q2"
"Decil 10",0,0,0,"CoNA","MEDELLÍN","2021Q2"
"Decil 1",18.4615384615385,0.0902557317645644,0.0640830021660761,"CoCA","MEDELLÍN","2021Q3"
"Decil 2",0,0,0,"CoCA","MEDELLÍN","2021Q3"
"Decil 3",0,0,0,"CoCA","MEDELLÍN","2021Q3"
"Decil 4",0,0,0,"CoCA","MEDELLÍN","2021Q3"
"Decil 5",0,0,0,"CoCA","MEDELLÍN","2021Q3"
"Decil 6",0,0,0,"CoCA","MEDELLÍN","2021Q3"
"Decil 7",0,0,0,"CoCA","MEDELLÍN","2021Q3"
"Decil 8",0,0,0,"CoCA","MEDELLÍN","2021Q3"
"Decil 9",0,0,0,"CoCA","MEDELLÍN","2021Q3"
"Decil 10",0,0,0,"CoCA","MEDELLÍN","2021Q3"
"Decil 1",49.2307692307692,0.226628943663002,0.140250301451525,"CoNA","MEDELLÍN","2021Q3"
"Decil 2",6.76923076923077,0.00276425877813307,0.000148045350386733,"CoNA","MEDELLÍN","2021Q3"
"Decil 3",0,0,0,"CoNA","MEDELLÍN","2021Q3"
"Decil 4",0,0,0,"CoNA","MEDELLÍN","2021Q3"
"Decil 5",0,0,0,"CoNA","MEDELLÍN","2021Q3"
"Decil 6",0,0,0,"CoNA","MEDELLÍN","2021Q3"
"Decil 7",0,0,0,"CoNA","MEDELLÍN","2021Q3"
"Decil 8",0,0,0,"CoNA","MEDELLÍN","2021Q3"
"Decil 9",0,0,0,"CoNA","MEDELLÍN","2021Q3"
"Decil 10",0,0,0,"CoNA","MEDELLÍN","2021Q3"
"Decil 1",19.3650793650794,0.107189401420138,0.0799369517187266,"CoCA","MEDELLÍN","2021Q4"
"Decil 2",0,0,0,"CoCA","MEDELLÍN","2021Q4"
"Decil 3",0,0,0,"CoCA","MEDELLÍN","2021Q4"
"Decil 4",0,0,0,"CoCA","MEDELLÍN","2021Q4"
"Decil 5",0,0,0,"CoCA","MEDELLÍN","2021Q4"
"Decil 6",0,0,0,"CoCA","MEDELLÍN","2021Q4"
"Decil 7",0,0,0,"CoCA","MEDELLÍN","2021Q4"
"Decil 8",0,0,0,"CoCA","MEDELLÍN","2021Q4"
"Decil 9",0,0,0,"CoCA","MEDELLÍN","2021Q4"
"Decil 10",0,0,0,"CoCA","MEDELLÍN","2021Q4"
"Decil 1",51.1111111111111,0.266833323467461,0.177149827641542,"CoNA","MEDELLÍN","2021Q4"
"Decil 2",9.84126984126984,0.00512326153059809,0.000325340744374103,"CoNA","MEDELLÍN","2021Q4"
"Decil 3",0,0,0,"CoNA","MEDELLÍN","2021Q4"
"Decil 4",0,0,0,"CoNA","MEDELLÍN","2021Q4"
"Decil 5",0,0,0,"CoNA","MEDELLÍN","2021Q4"
"Decil 6",0,0,0,"CoNA","MEDELLÍN","2021Q4"
"Decil 7",0,0,0,"CoNA","MEDELLÍN","2021Q4"
"Decil 8",0,0,0,"CoNA","MEDELLÍN","2021Q4"
"Decil 9",0,0,0,"CoNA","MEDELLÍN","2021Q4"
"Decil 10",0,0,0,"CoNA","MEDELLÍN","2021Q4"
"Decil 1",30.5466237942122,0.186173484167341,0.149285665501558,"CoCA","MEDELLÍN","2022Q1"
"Decil 2",0,0,0,"CoCA","MEDELLÍN","2022Q1"
"Decil 3",0,0,0,"CoCA","MEDELLÍN","2022Q1"
"Decil 4",0,0,0,"CoCA","MEDELLÍN","2022Q1"
"Decil 5",0,0,0,"CoCA","MEDELLÍN","2022Q1"
"Decil 6",0,0,0,"CoCA","MEDELLÍN","2022Q1"
"Decil 7",0,0,0,"CoCA","MEDELLÍN","2022Q1"
"Decil 8",0,0,0,"CoCA","MEDELLÍN","2022Q1"
"Decil 9",0,0,0,"CoCA","MEDELLÍN","2022Q1"
"Decil 10",0,0,0,"CoCA","MEDELLÍN","2022Q1"
"Decil 1",56.9131832797428,0.375741378801105,0.278530669817726,"CoNA","MEDELLÍN","2022Q1"
"Decil 2",27.0096463022508,0.0369817967691248,0.00677604853982303,"CoNA","MEDELLÍN","2022Q1"
"Decil 3",0,0,0,"CoNA","MEDELLÍN","2022Q1"
"Decil 4",0,0,0,"CoNA","MEDELLÍN","2022Q1"
"Decil 5",0,0,0,"CoNA","MEDELLÍN","2022Q1"
"Decil 6",0,0,0,"CoNA","MEDELLÍN","2022Q1"
"Decil 7",0,0,0,"CoNA","MEDELLÍN","2022Q1"
"Decil 8",0,0,0,"CoNA","MEDELLÍN","2022Q1"
"Decil 9",0,0,0,"CoNA","MEDELLÍN","2022Q1"
"Decil 10",0,0,0,"CoNA","MEDELLÍN","2022Q1"
"Decil 1",18.7096774193548,0.0961519509405728,0.06909910015231,"CoCA","MEDELLÍN","2022Q2"
"Decil 2",0,0,0,"CoCA","MEDELLÍN","2022Q2"
"Decil 3",0,0,0,"CoCA","MEDELLÍN","2022Q2"
"Decil 4",0,0,0,"CoCA","MEDELLÍN","2022Q2"
"Decil 5",0,0,0,"CoCA","MEDELLÍN","2022Q2"
"Decil 6",0,0,0,"CoCA","MEDELLÍN","2022Q2"
"Decil 7",0,0,0,"CoCA","MEDELLÍN","2022Q2"
"Decil 8",0,0,0,"CoCA","MEDELLÍN","2022Q2"
"Decil 9",0,0,0,"CoCA","MEDELLÍN","2022Q2"
"Decil 10",0,0,0,"CoCA","MEDELLÍN","2022Q2"
"Decil 1",54.5161290322581,0.276479072395365,0.174939789809284,"CoNA","MEDELLÍN","2022Q2"
"Decil 2",12.258064516129,0.00835580278715886,0.000781281248547918,"CoNA","MEDELLÍN","2022Q2"
"Decil 3",0,0,0,"CoNA","MEDELLÍN","2022Q2"
"Decil 4",0,0,0,"CoNA","MEDELLÍN","2022Q2"
"Decil 5",0,0,0,"CoNA","MEDELLÍN","2022Q2"
"Decil 6",0,0,0,"CoNA","MEDELLÍN","2022Q2"
"Decil 7",0,0,0,"CoNA","MEDELLÍN","2022Q2"
"Decil 8",0,0,0,"CoNA","MEDELLÍN","2022Q2"
"Decil 9",0,0,0,"CoNA","MEDELLÍN","2022Q2"
"Decil 10",0,0,0,"CoNA","MEDELLÍN","2022Q2"
"Decil 1",26.0586319218241,0.114759918055607,0.0781462419614559,"CoCA","MEDELLÍN","2022Q3"
"Decil 2",0,0,0,"CoCA","MEDELLÍN","2022Q3"
"Decil 3",0,0,0,"CoCA","MEDELLÍN","2022Q3"
"Decil 4",0,0,0,"CoCA","MEDELLÍN","2022Q3"
"Decil 5",0,0,0,"CoCA","MEDELLÍN","2022Q3"
"Decil 6",0,0,0,"CoCA","MEDELLÍN","2022Q3"
"Decil 7",0,0,0,"CoCA","MEDELLÍN","2022Q3"
"Decil 8",0,0,0,"CoCA","MEDELLÍN","2022Q3"
"Decil 9",0,0,0,"CoCA","MEDELLÍN","2022Q3"
"Decil 10",0,0,0,"CoCA","MEDELLÍN","2022Q3"
"Decil 1",57.9804560260586,0.312998446797346,0.199471229606154,"CoNA","MEDELLÍN","2022Q3"
"Decil 2",26.3843648208469,0.0256835418701362,0.00355855041766088,"CoNA","MEDELLÍN","2022Q3"
"Decil 3",0,0,0,"CoNA","MEDELLÍN","2022Q3"
"Decil 4",0,0,0,"CoNA","MEDELLÍN","2022Q3"
"Decil 5",0,0,0,"CoNA","MEDELLÍN","2022Q3"
"Decil 6",0,0,0,"CoNA","MEDELLÍN","2022Q3"
"Decil 7",0,0,0,"CoNA","MEDELLÍN","2022Q3"
"Decil 8",0,0,0,"CoNA","MEDELLÍN","2022Q3"
"Decil 9",0,0,0,"CoNA","MEDELLÍN","2022Q3"
"Decil 10",0,0,0,"CoNA","MEDELLÍN","2022Q3"
"Decil 1",19.3220338983051,0.0881421618114239,0.0611162085465887,"CoCA","MEDELLÍN","2022Q4"
"Decil 2",0,0,0,"CoCA","MEDELLÍN","2022Q4"
"Decil 3",0,0,0,"CoCA","MEDELLÍN","2022Q4"
"Decil 4",0,0,0,"CoCA","MEDELLÍN","2022Q4"
"Decil 5",0,0,0,"CoCA","MEDELLÍN","2022Q4"
"Decil 6",0,0,0,"CoCA","MEDELLÍN","2022Q4"
"Decil 7",0,0,0,"CoCA","MEDELLÍN","2022Q4"
"Decil 8",0,0,0,"CoCA","MEDELLÍN","2022Q4"
"Decil 9",0,0,0,"CoCA","MEDELLÍN","2022Q4"
"Decil 10",0,0,0,"CoCA","MEDELLÍN","2022Q4"
"Decil 1",49.4915254237288,0.243580191394782,0.149157900681463,"CoNA","MEDELLÍN","2022Q4"
"Decil 2",20.3389830508475,0.0141084466720546,0.0012364640330367,"CoNA","MEDELLÍN","2022Q4"
"Decil 3",0,0,0,"CoNA","MEDELLÍN","2022Q4"
"Decil 4",0,0,0,"CoNA","MEDELLÍN","2022Q4"
"Decil 5",0,0,0,"CoNA","MEDELLÍN","2022Q4"
"Decil 6",0,0,0,"CoNA","MEDELLÍN","2022Q4"
"Decil 7",0,0,0,"CoNA","MEDELLÍN","2022Q4"
"Decil 8",0,0,0,"CoNA","MEDELLÍN","2022Q4"
"Decil 9",0,0,0,"CoNA","MEDELLÍN","2022Q4"
"Decil 10",0,0,0,"CoNA","MEDELLÍN","2022Q4"
"Decil 1",37.5816993464052,0.193649239831784,0.146180454708458,"CoCA","MEDELLÍN","2023Q1"
"Decil 2",0,0,0,"CoCA","MEDELLÍN","2023Q1"
"Decil 3",0,0,0,"CoCA","MEDELLÍN","2023Q1"
"Decil 4",0,0,0,"CoCA","MEDELLÍN","2023Q1"
"Decil 5",0,0,0,"CoCA","MEDELLÍN","2023Q1"
"Decil 6",0,0,0,"CoCA","MEDELLÍN","2023Q1"
"Decil 7",0,0,0,"CoCA","MEDELLÍN","2023Q1"
"Decil 8",0,0,0,"CoCA","MEDELLÍN","2023Q1"
"Decil 9",0,0,0,"CoCA","MEDELLÍN","2023Q1"
"Decil 10",0,0,0,"CoCA","MEDELLÍN","2023Q1"
"Decil 1",55.2287581699346,0.371183862811462,0.273542611120677,"CoNA","MEDELLÍN","2023Q1"
"Decil 2",39.2156862745098,0.0588870572546843,0.0122895583306924,"CoNA","MEDELLÍN","2023Q1"
"Decil 3",1.9672131147541,0.000155381654147261,1.48762406161865e-06,"CoNA","MEDELLÍN","2023Q1"
"Decil 4",0,0,0,"CoNA","MEDELLÍN","2023Q1"
"Decil 5",0,0,0,"CoNA","MEDELLÍN","2023Q1"
"Decil 6",0,0,0,"CoNA","MEDELLÍN","2023Q1"
"Decil 7",0,0,0,"CoNA","MEDELLÍN","2023Q1"
"Decil 8",0,0,0,"CoNA","MEDELLÍN","2023Q1"
"Decil 9",0,0,0,"CoNA","MEDELLÍN","2023Q1"
"Decil 10",0,0,0,"CoNA","MEDELLÍN","2023Q1"
"Decil 1",28.135593220339,0.15301238406697,0.116888922759852,"CoCA","MEDELLÍN","2023Q2"
"Decil 2",0,0,0,"CoCA","MEDELLÍN","2023Q2"
"Decil 3",0,0,0,"CoCA","MEDELLÍN","2023Q2"
"Decil 4",0,0,0,"CoCA","MEDELLÍN","2023Q2"
"Decil 5",0,0,0,"CoCA","MEDELLÍN","2023Q2"
"Decil 6",0,0,0,"CoCA","MEDELLÍN","2023Q2"
"Decil 7",0,0,0,"CoCA","MEDELLÍN","2023Q2"
"Decil 8",0,0,0,"CoCA","MEDELLÍN","2023Q2"
"Decil 9",0,0,0,"CoCA","MEDELLÍN","2023Q2"
"Decil 10",0,0,0,"CoCA","MEDELLÍN","2023Q2"
"Decil 1",53.8983050847458,0.318276620503145,0.22143873670057,"CoNA","MEDELLÍN","2023Q2"
"Decil 2",26.7796610169492,0.0284569608221081,0.00400915829141855,"CoNA","MEDELLÍN","2023Q2"
"Decil 3",0,0,0,"CoNA","MEDELLÍN","2023Q2"
"Decil 4",0,0,0,"CoNA","MEDELLÍN","2023Q2"
"Decil 5",0,0,0,"CoNA","MEDELLÍN","2023Q2"
"Decil 6",0,0,0,"CoNA","MEDELLÍN","2023Q2"
"Decil 7",0,0,0,"CoNA","MEDELLÍN","2023Q2"
"Decil 8",0,0,0,"CoNA","MEDELLÍN","2023Q2"
"Decil 9",0,0,0,"CoNA","MEDELLÍN","2023Q2"
"Decil 10",0,0,0,"CoNA","MEDELLÍN","2023Q2"
"Decil 1",15.1815181518152,0.0832055162824236,0.0644473356226233,"CoCA","MEDELLÍN","2023Q3"
"Decil 2",0,0,0,"CoCA","MEDELLÍN","2023Q3"
"Decil 3",0,0,0,"CoCA","MEDELLÍN","2023Q3"
"Decil 4",0,0,0,"CoCA","MEDELLÍN","2023Q3"
"Decil 5",0,0,0,"CoCA","MEDELLÍN","2023Q3"
"Decil 6",0,0,0,"CoCA","MEDELLÍN","2023Q3"
"Decil 7",0,0,0,"CoCA","MEDELLÍN","2023Q3"
"Decil 8",0,0,0,"CoCA","MEDELLÍN","2023Q3"
"Decil 9",0,0,0,"CoCA","MEDELLÍN","2023Q3"
"Decil 10",0,0,0,"CoCA","MEDELLÍN","2023Q3"
"Decil 1",48.5148514851485,0.203052422304476,0.12558488752125,"CoNA","MEDELLÍN","2023Q3"
"Decil 2",4.62046204620462,0.00136662046564177,6.68025238098378e-05,"CoNA","MEDELLÍN","2023Q3"
"Decil 3",0,0,0,"CoNA","MEDELLÍN","2023Q3"
"Decil 4",0,0,0,"CoNA","MEDELLÍN","2023Q3"
"Decil 5",0,0,0,"CoNA","MEDELLÍN","2023Q3"
"Decil 6",0,0,0,"CoNA","MEDELLÍN","2023Q3"
"Decil 7",0,0,0,"CoNA","MEDELLÍN","2023Q3"
"Decil 8",0,0,0,"CoNA","MEDELLÍN","2023Q3"
"Decil 9",0,0,0,"CoNA","MEDELLÍN","2023Q3"
"Decil 10",0,0,0,"CoNA","MEDELLÍN","2023Q3"
"Decil 1",23.5690235690236,0.135297764132204,0.109028261024596,"CoCA","MEDELLÍN","2023Q4"
"Decil 2",0,0,0,"CoCA","MEDELLÍN","2023Q4"
"Decil 3",0,0,0,"CoCA","MEDELLÍN","2023Q4"
"Decil 4",0,0,0,"CoCA","MEDELLÍN","2023Q4"
"Decil 5",0,0,0,"CoCA","MEDELLÍN","2023Q4"
"Decil 6",0,0,0,"CoCA","MEDELLÍN","2023Q4"
"Decil 7",0,0,0,"CoCA","MEDELLÍN","2023Q4"
"Decil 8",0,0,0,"CoCA","MEDELLÍN","2023Q4"
"Decil 9",0,0,0,"CoCA","MEDELLÍN","2023Q4"
"Decil 10",0,0,0,"CoCA","MEDELLÍN","2023Q4"
"Decil 1",56.2289562289562,0.28876203539695,0.195073520135847,"CoNA","MEDELLÍN","2023Q4"
"Decil 2",12.1212121212121,0.00792412771341822,0.000683375667512615,"CoNA","MEDELLÍN","2023Q4"
"Decil 3",0,0,0,"CoNA","MEDELLÍN","2023Q4"
"Decil 4",0,0,0,"CoNA","MEDELLÍN","2023Q4"
"Decil 5",0,0,0,"CoNA","MEDELLÍN","2023Q4"
"Decil 6",0,0,0,"CoNA","MEDELLÍN","2023Q4"
"Decil 7",0,0,0,"CoNA","MEDELLÍN","2023Q4"
"Decil 8",0,0,0,"CoNA","MEDELLÍN","2023Q4"
"Decil 9",0,0,0,"CoNA","MEDELLÍN","2023Q4"
"Decil 10",0,0,0,"CoNA","MEDELLÍN","2023Q4"
"Decil 1",22.8476821192053,0.157192398115947,0.132927796729085,"CoCA","MEDELLÍN","2024Q1"
"Decil 2",0,0,0,"CoCA","MEDELLÍN","2024Q1"
"Decil 3",0,0,0,"CoCA","MEDELLÍN","2024Q1"
"Decil 4",0,0,0,"CoCA","MEDELLÍN","2024Q1"
"Decil 5",0,0,0,"CoCA","MEDELLÍN","2024Q1"
"Decil 6",0,0,0,"CoCA","MEDELLÍN","2024Q1"
"Decil 7",0,0,0,"CoCA","MEDELLÍN","2024Q1"
"Decil 8",0,0,0,"CoCA","MEDELLÍN","2024Q1"
"Decil 9",0,0,0,"CoCA","MEDELLÍN","2024Q1"
"Decil 10",0,0,0,"CoCA","MEDELLÍN","2024Q1"
"Decil 1",50.9933774834437,0.294674277302319,0.213734510347779,"CoNA","MEDELLÍN","2024Q1"
"Decil 2",13.6212624584718,0.00876832876426327,0.000816604660740828,"CoNA","MEDELLÍN","2024Q1"
"Decil 3",0,0,0,"CoNA","MEDELLÍN","2024Q1"
"Decil 4",0,0,0,"CoNA","MEDELLÍN","2024Q1"
"Decil 5",0,0,0,"CoNA","MEDELLÍN","2024Q1"
"Decil 6",0,0,0,"CoNA","MEDELLÍN","2024Q1"
"Decil 7",0,0,0,"CoNA","MEDELLÍN","2024Q1"
"Decil 8",0,0,0,"CoNA","MEDELLÍN","2024Q1"
"Decil 9",0,0,0,"CoNA","MEDELLÍN","2024Q1"
"Decil 10",0,0,0,"CoNA","MEDELLÍN","2024Q1"
"Decil 1",17.5496688741722,0.100592986927916,0.077717137023272,"CoCA","MEDELLÍN","2024Q2"
"Decil 2",0,0,0,"CoCA","MEDELLÍN","2024Q2"
"Decil 3",0,0,0,"CoCA","MEDELLÍN","2024Q2"
"Decil 4",0,0,0,"CoCA","MEDELLÍN","2024Q2"
"Decil 5",0,0,0,"CoCA","MEDELLÍN","2024Q2"
"Decil 6",0,0,0,"CoCA","MEDELLÍN","2024Q2"
"Decil 7",0,0,0,"CoCA","MEDELLÍN","2024Q2"
"Decil 8",0,0,0,"CoCA","MEDELLÍN","2024Q2"
"Decil 9",0,0,0,"CoCA","MEDELLÍN","2024Q2"
"Decil 10",0,0,0,"CoCA","MEDELLÍN","2024Q2"
"Decil 1",58.2781456953642,0.273591493772261,0.17234599757193,"CoNA","MEDELLÍN","2024Q2"
"Decil 2",10.9271523178808,0.00460800791548637,0.000275309112701506,"CoNA","MEDELLÍN","2024Q2"
"Decil 3",0,0,0,"CoNA","MEDELLÍN","2024Q2"
"Decil 4",0,0,0,"CoNA","MEDELLÍN","2024Q2"
"Decil 5",0,0,0,"CoNA","MEDELLÍN","2024Q2"
"Decil 6",0,0,0,"CoNA","MEDELLÍN","2024Q2"
"Decil 7",0,0,0,"CoNA","MEDELLÍN","2024Q2"
"Decil 8",0,0,0,"CoNA","MEDELLÍN","2024Q2"
"Decil 9",0,0,0,"CoNA","MEDELLÍN","2024Q2"
"Decil 10",0,0,0,"CoNA","MEDELLÍN","2024Q2"
"Decil 1",12.9568106312292,0.0658023377591144,0.0450492207694887,"CoCA","MEDELLÍN","2024Q3"
"Decil 2",0,0,0,"CoCA","MEDELLÍN","2024Q3"
"Decil 3",0,0,0,"CoCA","MEDELLÍN","2024Q3"
"Decil 4",0,0,0,"CoCA","MEDELLÍN","2024Q3"
"Decil 5",0,0,0,"CoCA","MEDELLÍN","2024Q3"
"Decil 6",0,0,0,"CoCA","MEDELLÍN","2024Q3"
"Decil 7",0,0,0,"CoCA","MEDELLÍN","2024Q3"
"Decil 8",0,0,0,"CoCA","MEDELLÍN","2024Q3"
"Decil 9",0,0,0,"CoCA","MEDELLÍN","2024Q3"
"Decil 10",0,0,0,"CoCA","MEDELLÍN","2024Q3"
"Decil 1",53.4883720930233,0.209378786083029,0.123635262422118,"CoNA","MEDELLÍN","2024Q3"
"Decil 2",0,0,0,"CoNA","MEDELLÍN","2024Q3"
"Decil 3",0,0,0,"CoNA","MEDELLÍN","2024Q3"
"Decil 4",0,0,0,"CoNA","MEDELLÍN","2024Q3"
"Decil 5",0,0,0,"CoNA","MEDELLÍN","2024Q3"
"Decil 6",0,0,0,"CoNA","MEDELLÍN","2024Q3"
"Decil 7",0,0,0,"CoNA","MEDELLÍN","2024Q3"
"Decil 8",0,0,0,"CoNA","MEDELLÍN","2024Q3"
"Decil 9",0,0,0,"CoNA","MEDELLÍN","2024Q3"
"Decil 10",0,0,0,"CoNA","MEDELLÍN","2024Q3"
"Decil 1",8.48056537102473,0.050306617829984,0.0421244324428154,"CoCA","MEDELLÍN","2024Q4"
"Decil 2",0,0,0,"CoCA","MEDELLÍN","2024Q4"
"Decil 3",0,0,0,"CoCA","MEDELLÍN","2024Q4"
"Decil 4",0,0,0,"CoCA","MEDELLÍN","2024Q4"
"Decil 5",0,0,0,"CoCA","MEDELLÍN","2024Q4"
"Decil 6",0,0,0,"CoCA","MEDELLÍN","2024Q4"
"Decil 7",0,0,0,"CoCA","MEDELLÍN","2024Q4"
"Decil 8",0,0,0,"CoCA","MEDELLÍN","2024Q4"
"Decil 9",0,0,0,"CoCA","MEDELLÍN","2024Q4"
"Decil 10",0,0,0,"CoCA","MEDELLÍN","2024Q4"
"Decil 1",39.2226148409894,0.154923534713015,0.0925350603863584,"CoNA","MEDELLÍN","2024Q4"
"Decil 2",0,0,0,"CoNA","MEDELLÍN","2024Q4"
"Decil 3",0,0,0,"CoNA","MEDELLÍN","2024Q4"
"Decil 4",0,0,0,"CoNA","MEDELLÍN","2024Q4"
"Decil 5",0,0,0,"CoNA","MEDELLÍN","2024Q4"
"Decil 6",0,0,0,"CoNA","MEDELLÍN","2024Q4"
"Decil 7",0,0,0,"CoNA","MEDELLÍN","2024Q4"
"Decil 8",0,0,0,"CoNA","MEDELLÍN","2024Q4"
"Decil 9",0,0,0,"CoNA","MEDELLÍN","2024Q4"
"Decil 10",0,0,0,"CoNA","MEDELLÍN","2024Q4"
